Time Step,Label Index,Name (NA),Volume (µm³),Equivalent Spherical Diameter (µm),Aspect Ratio,Center Of Mass X (µm),Center Of Mass Y (µm),Center Of Mass Z (µm),Sphericity
0,1,,2431366.676,166.8337631,3.881521378,20569.90251,17381.1923,2771.520412,0.447637396
0,2,,179082537.7,699.3343693,3.363258936,15076.93682,15526.83807,2274.422269,0.22191284
0,3,,264394241.5,796.3141934,1.248207856,18110.37801,18892.33843,1697.33901,0.234169354
0,4,,279550886.1,811.2488303,1.158897713,19278.21745,19020.69437,1794.162311,0.19953502
0,5,,460327501,957.9792443,2.242490326,16574.28862,16190.19089,1830.913543,0.111723632
0,6,,550209273.8,1016.661618,2.523428498,15372.82612,15278.5002,1994.199065,0.102113753
0,7,,336975039.4,863.3754661,1.139023523,16419.94661,17865.41771,1831.690037,0.256681114
0,8,,848546970,1174.606559,1.912705992,14317.41199,17167.08851,2011.397298,0.107252667
0,9,,779832720.6,1142.003961,1.956230219,16548.43431,20698.47341,1961.382662,0.115809518
0,10,,373406142.4,893.4308512,1.245498806,18131.37645,17790.258,1749.2805,0.239586787
0,11,,474459819.8,967.6841012,1.417094343,19093.84032,17614.92173,1846.279364,0.214328679
0,12,,609760872.8,1052.091819,2.455878988,18793.13636,16557.11364,1895.278835,0.121313648
0,13,,205765661.3,732.4726718,1.09130113,16395.93092,20376.70044,3670.332025,0.877682004
0,14,,215941381.1,744.3532417,1.052370219,17041.14727,14177.17007,7871.050039,0.939689316
0,15,,825539037.2,1163.892842,1.834200038,17864.70046,20616.52939,1890.884978,0.123030088
0,16,,223117289.7,752.5087158,1.092479895,16712.19247,20850.71261,4129.433978,0.917176015
0,17,,692489249.6,1097.669182,1.966099013,16516.61173,19765.94345,1958.74876,0.160650939
0,18,,807658361.4,1155.428362,1.997671047,20546.28948,17208.97267,1988.828206,0.127123079
0,19,,756380162.8,1130.439097,2.425319318,15478.27841,17610.03146,1813.030039,0.094636961
0,20,,532716941.3,1005.771431,4.567487079,16484.20732,15428.59634,2223.375398,0.15278895
0,21,,642010250.3,1070.321986,3.196669617,18595.73001,14709.3916,2210.814227,0.140334162
0,22,,277440324.8,809.2020742,1.486064882,15751.62103,15854.73037,2974.271354,0.772334336
0,23,,326045145.6,853.9380631,3.096916997,14476.16552,19524.87903,9354.686341,0.85064582
0,24,,851569293.8,1175.999463,2.069542719,17607.99562,15314.26725,2054.070673,0.106906204
0,25,,552719434.7,1018.205342,2.254254451,15694.46705,19266.11586,2180.055315,0.242918807
0,26,,433773825.2,939.1931289,2.793188821,18404.92163,19582.96895,1974.183617,0.205705849
0,27,,296812463.9,827.6140165,1.158102059,15256.87773,18994.09596,8026.057938,0.930925128
0,28,,294476776,825.4373998,1.04677696,18181.16835,20244.66228,3640.092985,0.904624529
0,29,,308997438.1,838.787762,1.304131497,15036.95959,16528.52893,8664.30707,0.90628059
0,30,,296975680.6,827.7656899,1.027452858,15187.40912,15667.86479,8547.176451,0.927877695
0,31,,304371087.6,834.5805476,1.081278242,18882.67494,18131.27196,7157.058488,0.903401081
0,32,,296142712.4,826.9910494,1.021510591,17478.00534,14096.01543,11772.20897,0.9460413
0,33,,299823531.4,830.4032322,1.166935161,18481.73423,15515.84997,3913.289288,0.881102299
0,34,,312222375.8,841.6957493,1.228296757,18876.94756,17950.46594,7954.389286,0.903782773
0,35,,323208551.2,851.4544247,1.610744028,16939.30363,14728.2538,7224.877358,0.898948227
0,36,,298512169.3,829.1907959,1.060719603,20624.45959,16434.68163,14364.30533,0.958461672
0,37,,309205680.1,838.9761473,1.093187507,18516.08477,17095.03028,7633.221607,0.906713719
0,38,,305265965.6,835.3976609,1.073407771,15706.16433,16895.70177,8980.37116,0.93261725
0,39,,304444253.7,834.6474157,1.078718749,19059.54006,14567.62583,9311.96838,0.933512377
0,40,,304573701.5,834.7656945,1.22955418,13077.52508,16929.31218,12892.40883,0.941699045
0,41,,308924272,838.7215525,1.067546891,17240.71877,16799.24955,12168.07629,0.944886731
0,42,,314963291.5,844.1515833,1.034433174,17336.44626,18519.36865,6645.103084,0.913286778
0,43,,306858735.9,836.8480782,1.068460532,20725.74478,20408.06117,13071.90977,0.950213884
0,44,,314490525.8,843.7290094,1.070337741,17976.51182,18041.57013,2566.879051,0.878268005
0,45,,314670627,843.8900398,1.180085278,18362.21391,15820.38183,13127.86313,0.942154028
0,46,,483695636.3,973.9227612,1.884488495,16551.14471,18730.51138,1965.035706,0.203643469
0,47,,313787005.3,843.0993945,1.142926939,20059.06657,15760.15543,4387.153346,0.907753818
0,48,,324019006.7,852.1655136,1.020694312,16660.35454,16093.17427,5155.176397,0.914245036
0,49,,342057271.1,867.6942805,1.632395317,17072.1387,16606.658,11045.3364,0.917447983
0,50,,316077667.9,845.1459799,1.136560298,15907.62574,13589.79527,11457.15745,0.956318188
0,51,,705552217.3,1104.528296,5.167662655,19277.27685,16031.83846,2045.152592,0.121242267
0,52,,325448560.3,853.4169104,1.03699758,16540.89014,18551.29544,7380.706543,0.913395573
0,53,,321840907.4,850.251762,1.054138654,17624.66823,16135.64423,13389.96086,0.953576757
0,54,,330345062.6,857.6756216,1.236747238,17493.43138,17627.36311,6452.181922,0.890178442
0,55,,322330557.7,850.6827358,1.098704526,15585.0926,14964.78629,4477.028468,0.915941482
0,56,,449189365.3,950.1896184,3.199849713,18904.07934,19645.77049,5567.495593,0.782230163
0,57,,325887557.1,853.800462,1.170914796,17336.31404,18867.52711,12441.41149,0.951444244
0,58,,328622844.6,856.1825578,1.054968344,17576.36161,16312.65493,6429.246755,0.917183412
0,59,,321604524.6,850.0435492,1.060612077,18912.35211,20270.18769,14726.80016,0.973295649
0,60,,328352692.7,855.9478787,1.017527479,18056.08811,17736.46475,9039.528485,0.923796426
0,61,,333249195.1,860.1816274,1.28133026,17758.41833,16367.37638,14217.79296,0.935186034
0,62,,328150078.8,855.7717849,1.047056843,14028.47012,16806.60445,7807.757498,0.937475915
0,63,,330890994.5,858.1478296,1.071380393,17315.29144,17205.47374,8719.092326,0.924949604
0,64,,438124395.6,942.3225947,3.964563586,14022.96786,17526.62702,5086.644943,0.822417303
0,65,,327722338.4,855.3997932,1.041971812,16418.07006,17805.31226,11921.04362,0.945533202
0,66,,331487579.8,858.6632572,1.052418198,16209.7786,15307.98443,6634.86148,0.918974917
0,67,,332849595.4,859.8376749,1.101540247,18106.99055,19114.83605,4954.827181,0.911860558
0,68,,329619029.5,857.0468269,1.036764985,14956.53143,18001.34138,11400.73454,0.940440808
0,69,,329979232,857.3589024,1.014814288,16487.43142,19949.4652,10261.11284,0.942904745
0,70,,334932016,861.6270942,1.028117325,17008.27649,18127.12014,5959.047208,0.905968354
0,71,,330367575.3,857.6951044,1.032197292,16096.57716,15407.19635,10509.03521,0.935219977
0,72,,328679126.2,856.231433,1.136202545,16088.53161,13521.71482,10621.10638,0.948148193
0,73,,358204472.5,881.1383981,1.753016666,18944.21102,17156.39724,4258.498537,0.894911445
0,74,,330609586.3,857.9044883,1.119233909,16727.84159,13409.67015,7582.941078,0.945763476
0,75,,333496834.3,860.3946432,1.173974506,18375.19996,17592.1357,13703.45185,0.947634159
0,76,,331082352.1,858.3132229,1.028589002,20097.26338,16962.83355,5092.385037,0.91199242
0,77,,331290594.1,858.4931373,1.107113181,15879.22826,14543.77373,12416.12162,0.946801279
0,78,,333778242.4,860.6365785,1.027509059,19719.24255,18243.97421,9104.795732,0.9289964
0,79,,335140258,861.8056278,1.048096976,15632.24556,15897.2577,6892.800729,0.917094284
0,80,,336485389.1,862.9570801,1.017794869,17036.82524,19292.52066,4198.67681,0.90750021
0,81,,361924688.6,884.1783211,1.643721768,14873.20372,16916.08909,8003.154879,0.891629477
0,82,,338472130.9,864.6521607,1.154488464,18620.13766,18856.05974,9914.753019,0.935694214
0,83,,330283152.8,857.6220394,1.03953887,14766.17825,21039.56952,11838.15464,0.949427791
0,84,,334718145.8,861.4436584,1.047810273,17579.85155,20308.04491,10623.77791,0.944037511
0,85,,340430731.8,866.3167512,1.055719892,17998.24314,17686.80887,4200.226065,0.906692616
0,86,,336271518.9,862.7742094,1.077626561,15542.87175,14855.31945,8266.093788,0.938825398
0,87,,336108302.2,862.634598,1.058850557,19627.65465,18493.41262,11366.79767,0.945851312
0,88,,331842154.2,858.9693033,1.065764289,15151.29513,13911.79461,14622.62751,0.964723854
0,89,,334594326.2,861.3374229,1.022928291,18509.71659,19874.47141,13019.03324,0.9539196
0,90,,350212480.1,874.5359469,1.398117452,17897.39429,16889.36502,7031.753891,0.907304289
0,91,,337036949.2,863.4283366,1.083153907,14555.73767,17587.70359,10739.7205,0.932676889
0,92,,338556553.3,864.7240425,1.045298096,17417.34099,17291.63766,11467.19207,0.94389946
0,93,,336119558.5,862.6442278,1.055297609,20317.25667,17140.61669,13997.05961,0.959624928
0,94,,336412223,862.8945278,1.052813179,19366.3715,15841.57816,14515.69233,0.954199477
0,95,,343914565.1,869.2619082,1.138067775,19255.19162,17136.8383,5349.103749,0.909078255
0,96,,350994794.9,875.1866505,1.270919306,18065.5611,17031.44257,6245.116489,0.901115536
0,97,,340340681.2,866.2403585,1.059911965,19777.54594,16764.32303,8792.338842,0.93864456
0,98,,880205390.2,1189.036356,2.306355819,15533.43722,16417.79068,2139.158419,0.120591306
0,99,,339153138.7,865.2316672,1.016093763,18005.66365,15516.07862,12414.46368,0.945822185
0,100,,338646603.9,864.8007033,1.186754732,15288.69215,21353.24345,11282.90028,0.943451985
0,101,,340228117.9,866.1448487,1.03339797,19053.28937,19222.64497,2506.296047,0.850051109
0,102,,343368633.2,868.8017076,1.081063902,20029.85526,17348.35862,7058.917095,0.925390041
0,103,,342946520.9,868.4455478,1.055472453,17967.02054,19031.30133,6343.290795,0.909114458
0,104,,342839585.8,868.3552743,1.089992707,14961.83033,16809.15037,9427.448441,0.924286676
0,105,,343284210.8,868.730499,1.037263609,17615.96286,16674.71108,10239.9702,0.938467924
0,106,,342378076.4,867.9654573,1.048688597,18606.61484,15260.34114,10565.93127,0.947367751
0,107,,347859907.8,872.5732971,1.067288113,19337.51319,17355.71046,7616.251197,0.918731625
0,108,,341646415.1,867.3467362,1.031406788,15008.7706,18084.12424,5953.77677,0.926066111
0,109,,347353373,872.1495601,1.167650323,20454.59752,19098.1444,7742.552026,0.920520609
0,110,,341747722.1,867.4324579,1.051356091,19736.61152,15071.50999,12389.77555,0.95333457
0,111,,342192347,867.8084809,1.023332724,19025.95931,20397.86738,10986.56446,0.945900673
0,112,,348979912.3,873.5087686,1.120837962,16882.33626,19265.19231,7012.312162,0.925025716
0,113,,349998609.9,874.357888,1.039270187,18796.84969,18853.06946,4499.058841,0.907002595
0,114,,343469940.2,868.8871425,1.032496677,18996.27854,20344.06545,12461.69104,0.941001015
0,115,,348918002.5,873.4571115,1.209631354,20361.73669,19601.60499,10776.7103,0.94125803
0,116,,341967220.5,867.6181302,1.108168264,19101.19892,14780.98027,5491.418233,0.915895823
0,117,,354095913,877.7565871,1.183702292,18444.51885,17412.13009,5108.580672,0.907456383
0,118,,349480818.9,873.9264976,1.043672488,17178.50103,16290.90829,9578.24747,0.930214268
0,119,,347994983.7,872.6862242,1.081137068,19068.01815,14473.41713,7723.177032,0.927677561
0,120,,346182715,871.1686781,1.01362042,15322.59091,16460.10986,13897.74704,0.950074811
0,121,,350325043.4,874.6296329,1.042916388,16395.30289,19296.93873,4771.322085,0.915977465
0,122,,347342116.7,872.140139,1.064750684,19199.7161,20449.98357,4946.644941,0.927900144
0,123,,350392581.4,874.6858349,1.078539326,14695.88396,17020.6423,3793.065706,0.879777382
0,124,,344111550.8,869.4278404,1.079844387,21751.07318,17499.05031,13776.10633,0.958952687
0,125,,350893487.9,875.1024412,1.046323541,18886.67497,17903.50686,10172.87352,0.932198341
0,126,,351777109.6,875.8363879,1.138030725,16277.31488,16158.70555,10926.31958,0.944299675
0,127,,352306157,876.2752329,1.063272675,18488.11737,18413.58973,8522.593137,0.91396302
0,128,,355688683.3,879.0707071,1.025296863,16295.34678,20385.56889,14008.00593,0.925052016
0,129,,356155820.9,879.4553762,1.167639551,15422.57523,16036.03072,9264.246094,0.92322148
0,130,,353921440,877.6123982,1.028614138,16884.8901,18800.29366,11712.45985,0.941255946
0,131,,357714822.2,880.7367221,1.067400617,17997.38164,16568.63071,9435.802397,0.926118635
0,132,,360720261.6,883.1964301,1.094444501,18490.54216,16230.85656,7764.008631,0.912813344
0,133,,348861720.9,873.4101451,1.035885886,15467.8542,13771.65224,13033.03425,0.947738461
0,134,,352075402.3,876.0838758,1.071865601,18262.87638,20871.21885,5124.185027,0.924963485
0,135,,356172705.4,879.4692736,1.049112553,18922.57642,17985.59357,13017.92346,0.953367588
0,136,,364226607.5,886.0488824,1.056178305,17476.4977,16112.46328,4830.802011,0.901973202
0,137,,360027997.5,882.6310828,1.075723266,18331.39499,18000.48613,12346.86905,0.94031093
0,138,,545065132.2,1013.483291,2.676403859,17419.96818,18851.25628,2063.976037,0.327902222
0,139,,357326478.9,880.4178908,1.069157719,15922.64793,17072.6581,14158.4615,0.946274706
0,140,,354917624.9,878.435034,1.051680283,18672.49969,13496.95423,15380.36776,0.969559526
0,141,,356988789.1,880.1404584,1.051229312,14035.42813,15490.73625,8712.435779,0.930639621
0,142,,359921062.4,882.5436881,1.045778694,17373.85161,18271.90381,10301.37922,0.935116564
0,143,,357067583.4,880.2052083,1.045421882,16181.32023,14401.8121,11629.28446,0.943237074
0,144,,366629833.4,887.9933764,1.084782675,17257.24232,18094.71969,4008.673048,0.883580021
0,145,,361114233,883.5178496,1.09007668,14373.17116,15881.46194,10907.21354,0.943446386
0,146,,364192838.5,886.0214985,1.232547634,20985.49276,17263.01056,13316.6254,0.952095193
0,147,,362329916.4,884.5081871,1.032402106,15416.28739,17705.76497,10663.80185,0.928961027
0,148,,544001409.3,1012.823573,1.825684218,17468.74366,19698.97679,2024.092528,0.21132029
0,149,,359358246,882.0834306,1.019168505,18996.14907,16628.61824,14394.15353,0.958632358
0,150,,360365687.3,882.9069524,1.015876202,18874.63044,15395.14741,12506.28578,0.953855889
0,151,,366702999.5,888.052443,1.143256916,15869.92708,16338.80125,8366.723718,0.921160575
0,152,,377593496.1,896.7580713,1.257576059,18087.56221,16674.20577,11348.12193,0.891237881
0,153,,367040689.3,888.3249563,1.064164461,16193.5568,19823.113,7069.620163,0.913216886
0,154,,361750215.5,884.0362196,1.020301188,14356.7372,17178.16373,9989.677187,0.931080374
0,155,,614556068.2,1054.842525,3.545675115,17395.70585,16257.60627,2190.801995,0.169224478
0,156,,366460988.5,887.8570389,1.032990758,16928.25931,16280.43174,8042.755464,0.931997023
0,157,,357433414.1,880.505708,1.048247875,20397.3065,14520.21996,14570.21419,0.960252604
0,158,,364023993.6,885.8845533,1.108998349,17645.71871,15513.77062,13984.37762,0.954697018
0,159,,359994228.5,882.6034863,1.075572361,16871.00706,20963.49337,5922.95641,0.923957547
0,160,,368864214.3,889.7936468,1.090434146,17495.52331,16345.99919,8730.638942,0.91964507
0,161,,372798300.7,892.9458035,1.189488623,17239.16971,17538.08682,7921.996177,0.929664219
0,162,,363759469.9,885.6699207,1.011831051,16862.8399,15088.40502,12800.7008,0.951713378
0,163,,366230233.8,887.6706433,1.030640092,19244.68399,18600.91385,10586.55087,0.939592367
0,164,,388534646.1,905.3372222,1.454616145,16270.50664,18927.20735,2981.307324,0.852101194
0,165,,383970205.4,901.7779972,1.512506341,15890.77101,15406.99828,11284.66214,0.923494901
0,166,,366584808.1,887.9570239,1.043267285,20142.74343,15453.65497,10129.78861,0.941439374
0,167,,374216597.9,894.0767634,1.067064219,19081.86098,18089.53636,2957.815791,0.898455936
0,168,,368273257.1,889.3182134,1.055051133,16324.61141,17720.07647,10738.65802,0.944165574
0,169,,378116915.3,897.1722413,1.191613688,17598.49521,18293.69231,8570.854298,0.907397435
0,170,,379191894.5,898.0216515,1.377913553,17122.97998,18773.75932,13274.30984,0.936414105
0,171,,368453358.4,889.4631613,1.070785039,14949.05639,15560.9134,11528.41077,0.943124755
0,172,,370625829.5,891.2078847,1.009898586,16749.78036,20144.26266,9446.526526,0.931094407
0,173,,370096782.2,890.7836332,1.059228054,18608.81174,16057.38773,10895.84334,0.944624885
0,174,,370063013.2,890.7565396,1.010552924,17613.56223,17090.0571,13771.96852,0.946615244
0,175,,370535778.9,891.1357002,1.010660033,15680.2891,16997.06507,13298.29475,0.9504345
0,176,,369674669.9,890.4448446,1.060261908,18248.16667,19989.28798,12175.346,0.949106024
0,177,,372184830.9,892.4557296,1.048112497,14633.97026,19507.6623,8312.382928,0.937466441
0,178,,375049566.1,894.7396466,1.075963978,18131.53873,18229.35668,4926.741724,0.909877767
0,179,,375736202.1,895.2853397,1.057063769,18166.61619,16939.73759,8637.777262,0.917678263
0,180,,977392519.3,1231.279918,2.026380136,19671.84658,15399.68811,2232.964777,0.151240803
0,181,,376754899.7,896.0937101,1.042011703,16912.37351,16232.4393,4158.194067,0.916905522
0,182,,375556100.9,895.1422714,1.048876414,16263.68213,15424.6374,4729.241224,0.913558157
0,183,,376709874.4,896.0580118,1.074909532,18228.97799,16124.54622,5897.244481,0.911686242
0,184,,372590058.6,892.7795085,1.022519365,20341.67141,15839.55776,9371.968654,0.941888886
0,185,,368504011.9,889.5039193,1.054784567,14477.60629,14432.32815,14555.47162,0.964558316
0,186,,378938627.2,897.8216734,1.04834526,16871.07905,15455.52323,7679.458687,0.913053424
0,187,,389705304.1,906.2455733,1.495650362,18371.83953,17192.94295,12951.91804,0.929468569
0,188,,369061200.1,889.9520117,1.040093919,20228.19181,14388.19292,11431.04807,0.942113596
0,189,,371982217,892.2937521,1.057209702,19739.35982,17047.7914,14639.41161,0.964569705
0,190,,377638521.4,896.7937139,1.020070856,16403.6097,17836.35021,7931.404735,0.925095295
0,191,,482187288.5,972.9093526,2.021229593,18718.48081,18411.7269,2067.104347,0.257571981
0,192,,376394697.2,895.8080442,1.150630135,19432.2314,14880.85744,10009.73343,0.932138079
0,193,,376028866.6,895.5177281,1.144314057,20280.26769,15952.23253,10836.4408,0.943660765
0,194,,383227287.8,901.1960256,1.083791127,18087.17951,17675.77638,8162.942921,0.906129729
0,195,,374756901.6,894.5068537,1.034656758,14936.63146,15256.37321,10649.60443,0.942554179
0,196,,386142676.6,903.4755278,1.268667014,15439.6634,15965.66028,10265.86234,0.924844188
0,197,,377407766.7,896.6110158,1.046963479,15126.45948,18160.0066,8289.186952,0.924738547
0,198,,380300642.8,898.8960645,1.107038014,18054.28005,18231.57338,9748.052408,0.928288794
0,199,,380869087.3,899.3437088,1.083692329,15836.04658,18080.11244,3453.246455,0.902828746
0,200,,372454982.7,892.6716083,1.120679497,21575.95684,17646.30129,11090.64425,0.948510599
0,201,,395975078.4,911.0797845,1.397277269,14038.68363,20308.09381,10656.92517,0.9105482
0,202,,378004352,897.0832048,1.036402963,16013.8521,19648.43995,9558.650132,0.923876435
0,203,,375876906.2,895.39708,1.01195301,18250.98222,14254.04372,9355.882606,0.94127731
0,204,,379467674.6,898.2393042,1.089294348,17722.50015,19096.42546,9778.144114,0.938486056
0,205,,376270877.6,895.7098044,1.039372174,17040.75444,16744.34059,13160.27596,0.944899767
0,206,,377413394.8,896.6154727,1.136355393,15650.56922,15683.38029,12057.80685,0.940333457
0,207,,383745078.9,901.6017215,1.058226944,16582.88741,16973.8042,7549.07783,0.917494207
0,208,,379540840.7,898.2970311,1.176502498,20306.73512,16095.74515,5150.412701,0.921658114
0,209,,383913923.8,901.7339348,1.120686445,16988.63798,18416.80981,3176.343609,0.892242681
0,210,,380582050.9,899.1177263,1.044432038,17633.42696,16049.69985,10899.10414,0.939989406
0,211,,380959137.9,899.4145818,1.03823587,17943.19386,19601.23242,5688.694958,0.919183293
0,212,,381960951,900.2022924,1.118386217,16352.08398,18549.38052,12397.40203,0.933438406
0,213,,382000348.2,900.2332416,1.05248558,17015.89759,17065.18363,5913.712967,0.914258089
0,214,,377385254,896.5931876,1.094629355,16936.5795,15955.97441,14435.58718,0.959091861
0,215,,377193896.5,896.4416193,1.022386542,14292.81646,19527.73237,11244.65097,0.945505239
0,216,,383863270.3,901.6942749,1.053926502,14876.38593,17592.96434,4432.074325,0.902646949
0,217,,379000537,897.8705651,1.045502443,15900.26216,21183.34019,13994.70433,0.948242721
0,218,,382810803.7,900.8694397,1.02785818,19497.44721,19144.00749,4028.598686,0.901884212
0,219,,377047564.2,896.3256796,1.048192557,21588.81121,17161.56074,7177.025888,0.945636972
0,220,,382366178.8,900.5205257,1.111996974,17055.21378,20769.10943,10015.5787,0.94673097
0,221,,383970205.4,901.7779972,1.058502461,16147.72537,20124.43714,7921.972971,0.925001234
0,222,,384217844.6,901.9718209,1.046931442,17260.78793,20111.32802,7201.941672,0.926736094
0,223,,381369993.9,899.7377985,1.020364853,18676.92355,18843.73973,13173.6167,0.949039804
0,224,,378325157.3,897.3369124,1.035387384,18290.75362,16353.34809,14942.88219,0.977335264
0,225,,379028677.8,897.8927869,1.048375311,20052.44486,14259.22319,9805.441747,0.935346313
0,226,,383919552,901.7383412,1.014241785,20806.18371,17433.69568,8456.100921,0.939657036
0,227,,380953509.7,899.4101526,1.067355226,16837.2592,15063.89277,14229.79903,0.960258129
0,228,,382349294.3,900.5072705,1.015060453,19150.81469,19481.06267,12545.78077,0.952972782
0,229,,385838755.8,903.2384331,1.174147296,20460.61992,14628.78765,8776.98313,0.923614335
0,230,,660999674.3,1080.772306,2.958484239,18751.52572,20592.77559,2349.241842,0.356133528
0,231,,385962575.4,903.3350423,1.03801505,15317.64141,18383.33452,9140.374524,0.93321644
0,232,,392530642.3,908.4303757,1.211164826,17791.12833,16819.13641,5490.325718,0.902880825
0,233,,388287006.9,905.1448372,1.073376917,19039.84351,15939.1051,3249.408732,0.905307697
0,234,,392389938.2,908.3218193,1.177040403,18823.18472,16731.04257,9212.717466,0.919296219
0,235,,383497439.7,901.4077386,1.050570288,20008.98062,15388.6602,11595.24758,0.947469965
0,236,,382169193.1,900.3658571,1.026199645,21071.86409,15935.30422,11285.44473,0.947424524
0,237,,390870334,907.1477531,1.192704758,15113.0255,18502.11455,5190.178014,0.921129621
0,238,,389013040,905.7086435,1.03575732,18623.64259,16530.77728,5173.999786,0.918598841
0,239,,382034117.2,900.2597679,1.096919432,15206.89685,13966.06789,12222.11297,0.944158869
0,240,,385608001,903.0583336,1.160661177,16777.80298,13749.18845,14955.0948,0.954976487
0,241,,387802984.8,904.7685758,1.082898899,16791.58433,20218.51459,11034.46569,0.944273676
0,242,,389328217.2,905.9531782,1.042399226,18849.58856,18207.87236,9326.786524,0.93602923
0,243,,390127416.4,906.5726575,1.0312278,17725.02421,15180.33157,3708.724351,0.900761179
0,244,,390161185.4,906.598814,1.101459941,20764.12003,16507.96724,8298.045265,0.928813514
0,245,,397826744.2,912.4977125,1.158777893,16978.36765,16894.58796,6763.491293,0.903408812
0,246,,388275750.6,905.1360905,1.109439851,18224.05748,17113.07828,14463.12848,0.955966658
0,247,,391410637.7,907.5655469,1.050002958,17872.48369,18290.15438,3382.021564,0.889818479
0,248,,386958760.3,904.111556,1.130688354,21678.41879,18013.99255,7228.976512,0.93944299
0,249,,388928617.6,905.6431207,1.048618335,19512.21786,17215.01992,10385.23163,0.941013092
0,250,,388264494.3,905.1273436,1.066766394,19954.75221,15494.25443,5678.85094,0.922581652
0,251,,395727439.2,910.8898179,1.03596516,17714.37726,16738.08883,7884.921248,0.913743188
0,252,,385017043.9,902.5967754,1.013427323,21251.19691,18782.79143,12865.87369,0.954338096
0,253,,392491245.1,908.3999825,1.029985257,19704.90765,16438.48376,5680.689535,0.915344714
0,254,,387988714.2,904.9129922,1.165972856,20894.84256,20133.03307,12292.2213,0.941037239
0,255,,386851825.2,904.0282653,1.015327168,18609.70169,20699.21658,11744.67088,0.953535901
0,256,,391433150.4,907.5829466,1.013031349,19302.70423,17433.83841,9523.051384,0.931237458
0,257,,397809859.7,912.484803,1.180487765,18817.2788,14677.54899,6888.441188,0.920007003
0,258,,388680978.4,905.4508657,1.109716112,20289.18658,16223.49847,11665.66397,0.940398234
0,259,,395654273.1,910.8336762,1.133897962,19615.26436,18977.89514,6917.605558,0.904788776
0,260,,394151553.4,909.6790788,1.029234449,18077.61501,16528.9888,2844.624356,0.911156266
0,261,,391416265.9,907.5698969,1.057148853,18855.47161,16344.14582,12666.90221,0.944693049
0,262,,390155557.2,906.5944547,1.169750671,20167.88831,15938.86363,14897.3446,0.965175852
0,263,,394387936.3,909.8608951,1.027015643,18433.52476,18555.5951,5740.083004,0.919642907
0,264,,399470168,913.7524967,1.018072426,17379.21892,18457.11193,7710.306951,0.921157189
0,265,,388438967.3,905.2629013,1.051816085,15686.72286,21528.27973,7232.012472,0.944988059
0,266,,390346914.8,906.742648,1.020229853,20794.44832,16912.00168,10825.81112,0.954087912
0,267,,388951130.2,905.6605944,1.05588389,20285.72854,19709.66333,13487.80346,0.957828509
0,268,,391573854.5,907.6916798,1.039641229,15876.44651,19246.73043,10354.54468,0.939435306
0,269,,388574043.3,905.3678213,1.043297304,15166.67733,15856.91049,14543.51768,0.962303607
0,270,,401282436.7,915.1322136,1.045821223,18303.69784,18568.60506,7655.589551,0.901301577
0,271,,387859266.5,904.8123432,1.069296246,15927.05503,13584.00448,14817.38453,0.968040596
0,272,,395249045.3,910.5226124,1.052976232,17937.55926,18681.56001,4162.515917,0.901802485
0,273,,382934623.3,900.9665576,1.104082675,14854.91729,19651.76531,3589.178253,0.890314723
0,274,,661388017.6,1080.983919,3.565185378,20269.68989,16345.32603,2305.143214,0.179609945
0,275,,391185511.2,907.3915129,1.138180315,13468.50808,15939.48392,9211.281646,0.937123092
0,276,,390875962.2,907.1521071,1.022050914,20771.49817,16694.49599,12650.73843,0.9538879
0,277,,389356358,905.9750053,1.03836924,20886.29668,17820.35594,13992.77647,0.966017951
0,278,,394162809.7,909.6877384,1.119423518,19501.65303,16095.67108,10373.90978,0.947486025
0,279,,396222717.6,911.2696719,1.101963911,15910.40231,17710.38896,9135.596533,0.936641749
0,280,,395113969.4,910.4188772,1.153897775,15396.72776,20471.45131,14256.89573,0.936313455
0,281,,392654461.9,908.5258839,1.113271202,19674.60431,20016.3702,4330.233211,0.910564909
0,282,,400657710.5,914.6570669,1.086297744,16405.94046,16449.89747,2838.794002,0.880913519
0,283,,399684038.2,913.9155373,1.219280852,19820.00687,16338.57585,12940.37941,0.924442299
0,284,,389840380.1,906.3502659,1.132039407,15144.45346,20013.60216,4335.26919,0.908352407
0,285,,392727628,908.5823111,1.045347892,18059.72884,20955.77916,6787.170518,0.918989774
0,286,,390042994,906.5072595,1.086771433,17763.61776,21889.94152,10372.93778,0.947019483
0,287,,394303513.8,909.7959691,1.043879601,14007.01389,16175.35049,7185.656514,0.939156059
0,288,,392344912.9,908.2870757,1.051804645,13133.68035,17308.68223,8807.328675,0.946951588
0,289,,395243417.1,910.5182906,1.058315057,18240.78733,17135.83708,12098.95477,0.94726767
0,290,,393217278.2,908.9597591,1.01124519,17266.23882,20661.85336,14067.45156,0.960042975
0,291,,395147738.3,910.4448132,1.184390903,21688.07557,17402.57679,11906.60567,0.94456842
0,292,,399858511.3,914.0485011,1.056885907,19011.14376,16719.56833,8298.051513,0.921472419
0,293,,396160807.8,911.2222075,1.06009689,18157.81095,17786.34719,11480.07034,0.94373068
0,294,,395609247.8,910.7991241,1.143830555,14019.18844,17267.82918,12676.63177,0.952892671
0,295,,405008281,917.9557789,1.184082365,14433.44277,20272.86227,7156.511408,0.914276511
0,296,,392969639,908.768905,1.099205688,13627.66178,19686.36831,10228.65451,0.920277426
0,297,,391101088.7,907.3262329,1.098309132,17512.74184,21919.87318,14421.73697,0.975282378
0,298,,396841815.6,911.7440445,1.231479721,16193.71846,21701.76813,7898.88513,0.927084112
0,299,,400719620.3,914.7041756,1.069556431,18338.16676,17322.88134,9765.753031,0.929155802
0,300,,415251538.7,925.6302577,1.590619838,13852.14853,18822.81678,14076.48394,0.94122789
0,301,,393538083.6,909.2068827,1.043098378,13259.40486,16688.06506,7217.396734,0.961366692
0,302,,401006656.7,914.922525,1.063636264,17058.22009,16904.92321,5024.4411,0.909980921
0,303,,395372864.9,910.6176822,1.052050968,19295.92357,17902.15629,14451.98954,0.960938432
0,304,,397207646.2,912.0241238,1.043010694,15369.88084,18754.64374,13572.34647,0.950935097
0,305,,396689855.2,911.6276533,1.074120834,19759.27717,14114.25248,8993.650282,0.933061998
0,306,,402036610.6,915.7051574,1.03837015,18465.52905,16087.94416,8664.732387,0.915687345
0,307,,397500310.7,912.2480634,1.088257916,17570.44037,20564.39002,11501.62392,0.947577441
0,308,,393020292.5,908.8079499,1.072265891,18465.81369,13519.62846,7953.720356,0.937244489
0,309,,401839624.9,915.5555771,1.019886517,17811.6129,19158.56328,8176.940147,0.926043888
0,310,,401006656.7,914.922525,1.025844349,18530.83822,15146.75833,7964.943192,0.929699173
0,311,,404090890.3,917.2621629,1.134842154,14832.84601,16523.1441,7233.175814,0.925065079
0,312,,399380117.4,913.6838307,1.08078824,15638.24285,19095.31096,11650.42469,0.942346396
0,313,,398451470.4,912.9751088,1.12780091,17661.18919,17829.50947,14490.30379,0.963604954
0,314,,400804042.8,914.7684068,1.047819219,17919.74879,15367.473,4566.937346,0.914374693
0,315,,399442027.2,913.7310397,1.037964276,19782.36748,19081.85017,12011.39266,0.941815368
0,316,,401203642.4,915.0723123,1.032407564,17673.70256,20227.23564,6409.117639,0.922573901
0,317,,399306951.3,913.6280319,1.066979325,17458.78236,18775.00334,14085.45075,0.953779409
0,318,,394714369.8,910.1118555,1.050282964,21350.67463,19387.27303,14618.16607,0.971555051
0,319,,400792786.4,914.7598432,1.037534252,20285.60583,18901.40415,9289.036599,0.93379204
0,320,,398637199.8,913.1169412,1.016259957,16444.17982,19491.62759,13977.53365,0.958265774
0,321,,410985390.7,922.4494735,1.24932502,17133.35205,18630.9312,4754.660451,0.90035105
0,322,,403556214.8,916.8574238,1.043439928,18860.28157,17520.84954,8714.693304,0.930202366
0,323,,396397190.7,911.4034087,1.061341371,18494.07853,14517.39057,6063.102366,0.918854207
0,324,,399380117.4,913.6838307,1.097654686,19741.70489,21051.61853,7174.799785,0.927595194
0,325,,402137917.5,915.7820654,1.044658242,20428.20623,16144.45533,6150.820635,0.926241477
0,326,,404743757.3,917.7558868,1.112704114,20018.12358,16867.95055,7939.430209,0.926809566
0,327,,398761019.4,913.2114717,1.049098674,21571.44188,16667.99835,7899.656855,0.925156758
0,328,,398400816.9,912.9364196,1.056684018,20727.40841,16931.22045,6639.544684,0.92674976
0,329,,407799850.1,920.0599927,1.067272662,15881.41806,17480.22599,7201.072559,0.908376176
0,330,,406415321.9,919.0175749,1.076040714,18837.67014,17988.46706,4248.877794,0.904168098
0,331,,401952188.1,915.6410576,1.042479268,16167.65541,18407.61136,11328.2946,0.939176644
0,332,,401355602.8,915.1878291,1.178453004,21445.6471,16169.65821,10476.45945,0.943056151
0,333,,404259735.2,917.3899011,1.144397042,19238.07553,19382.00594,6202.597787,0.927067722
0,334,,403336716.4,916.6911643,1.055990002,18464.46242,16064.19683,11857.3799,0.941690859
0,335,,397089454.8,911.9336554,1.03414089,21607.25948,16658.70859,13535.02932,0.9580932
0,336,,404361042.2,917.4665269,1.090430766,17691.16738,14940.85055,5992.928831,0.916761234
0,337,,409567093.5,921.3871362,1.054005656,17531.95374,17507.67057,3093.914666,0.886389319
0,338,,397590361.4,912.3169457,1.066638205,14134.17309,18245.72273,5925.077076,0.917067264
0,339,,402261737.1,915.8760466,1.02674346,16188.10853,20071.18255,12778.20919,0.949104224
0,340,,619328751,1057.566145,2.883412222,19656.49341,18408.32962,2119.212671,0.193536838
0,341,,411030416,922.4831585,1.264219577,16418.86669,15178.71645,12003.77938,0.932794742
0,342,,400781530.1,914.7512794,1.067512701,19723.01072,18699.70439,14597.74329,0.961490351
0,343,,402526260.8,916.0767598,1.042989993,13178.13864,18248.70821,7880.566689,0.950657753
0,344,,404980140.2,917.934518,1.077013608,16767.92666,14876.90796,10286.22202,0.939049494
0,345,,403938929.9,917.1471681,1.05986936,16593.45894,21034.85482,8981.293711,0.935359352
0,346,,404574912.4,917.6282505,1.028429567,16875.68777,15618.35553,11248.81997,0.937368002
0,347,,402166058.4,915.8034265,1.061459981,14845.38208,19681.2082,5131.688941,0.922199777
0,348,,404012096,917.2025396,1.065883007,14402.67863,19029.96105,5573.758463,0.934174775
0,349,,402616311.4,916.1450677,1.023033715,16534.57246,21647.5308,6726.433346,0.953212017
0,350,,405486674.9,918.3170651,1.056144093,17310.57683,15096.90998,12005.08488,0.948375275
0,351,,403922045.4,917.1343892,1.077106831,14778.02334,17502.54286,5304.044466,0.931021664
0,352,,408874829.4,920.8677235,1.066266015,14914.79019,18722.24249,7236.708408,0.922981057
0,353,,405362855.3,918.223583,1.095653977,20875.09096,20193.79308,7928.345547,0.923371488
0,354,,403651893.6,916.9298771,1.049199863,15418.95711,14827.32749,11722.15673,0.947900099
0,355,,406893715.8,919.3780272,1.072874228,19491.71751,18890.16087,3170.091002,0.881658954
0,356,,413506808,924.3320544,1.098002438,15731.03439,19051.24731,6903.458472,0.907040924
0,357,,408300756.7,920.4365463,1.107411678,17946.21823,16409.34652,12564.57164,0.94148156
0,358,,409966693.1,921.6866933,1.019174677,16753.78675,17914.9993,8773.172652,0.928113593
0,359,,403060936.4,916.4821886,1.033516965,14812.63888,15135.70745,14096.14435,0.952028814
0,360,,408593421.2,920.6564126,1.07076835,15210.94494,18929.18661,6129.302522,0.930627396
0,361,,406223964.3,918.8733148,1.049702255,14794.82256,16796.45293,13249.96382,0.949210928
0,362,,408570908.5,920.6395035,1.05876819,20078.9372,15509.8695,6737.23057,0.927680788
0,363,,407130098.7,919.5560288,1.101274286,17579.78764,15211.27388,10503.56877,0.944822552
0,364,,406505372.5,919.0854464,1.134779468,15491.02553,19441.67456,12496.04168,0.955426445
0,365,,414109021.5,924.7805559,1.083199042,17977.11443,16924.43413,3672.901232,0.906452161
0,366,,409291313.5,921.1802859,1.05654294,15853.71613,18304.52554,5808.400602,0.922742167
0,367,,401957816.3,915.6453312,1.051542871,21389.01768,15985.02407,12968.45587,0.950905701
0,368,,406567282.3,919.1321022,1.062941327,16663.97636,21009.12138,13471.79069,0.943185685
0,369,,413056554.9,923.9964416,1.092273645,17368.75966,17757.33308,4850.117512,0.897988701
0,370,,403967070.7,917.1684656,1.080424185,19053.23286,13693.79915,12362.88084,0.947109708
0,371,,408784778.8,920.8001146,1.087556164,17157.59753,20979.26615,6774.174024,0.929908668
0,372,,410118653.5,921.8005584,1.135450035,17587.46347,17379.71122,12740.34789,0.941532906
0,373,,408824175.9,920.8296947,1.010669527,15284.78406,20161.09373,9365.240825,0.939276865
0,374,,408435832.6,920.5380361,1.060835284,18400.16358,20162.93824,10327.18489,0.941232309
0,375,,408993020.8,920.9564452,1.131602285,18598.93288,15377.7466,6264.432644,0.922910543
0,376,,407687286.9,919.9753314,1.098680782,14361.57657,19183.38756,10410.65097,0.942585654
0,377,,407918041.6,920.1488702,1.113781712,21712.59887,18078.00536,14842.51896,0.956376644
0,378,,412904594.5,923.8831173,1.138150813,19315.76921,14807.86634,8469.851155,0.922893753
0,379,,406803665.2,919.310199,1.067543999,13920.73843,15222.68087,7199.99719,0.944185589
0,380,,413743190.9,924.5081536,1.04703252,15987.69632,17254.35232,2987.686682,0.898314145
0,381,,404580540.5,917.6325056,1.106851895,21338.61284,19344.70253,9581.505553,0.939941938
0,382,,411024787.9,922.478948,1.050589127,18919.06681,16896.30727,11003.07371,0.940542676
0,383,,415048924.8,925.4796854,1.133854602,18228.13133,18206.90585,6547.533722,0.906637256
0,384,,409133724.9,921.062044,1.064555681,13914.88032,15092.66543,14290.69195,0.946258355
0,385,,414142790.5,924.8056926,1.060509288,16456.29624,17076.26431,8457.663294,0.924150333
0,386,,405497931.2,918.3255625,1.059626968,17823.939,21839.72989,9040.842417,0.94295106
0,387,,410540765.8,922.1167026,1.050738126,14861.73299,17685.93007,13098.35857,0.953838555
0,388,,413540577,924.3572156,1.0805216,17835.5988,15715.99615,9240.712351,0.927273062
0,389,,410214332.3,921.8722367,1.014995236,20051.80798,15404.59404,13181.93221,0.941495047
0,390,,411446900.1,922.7946276,1.052891569,14817.45493,18284.68609,10223.68872,0.938407236
0,391,,404186569.1,917.3345522,1.050709532,15835.07308,21617.40101,10359.97412,0.941781037
0,392,,413450526.4,924.2901162,1.119358913,16885.07563,20866.67444,3300.734639,0.904215319
0,393,,410636444.6,922.1883318,1.044284752,15566.03622,18265.09162,12016.69736,0.946577072
0,394,,410923480.9,922.4031527,1.06699057,19075.56539,16785.30939,11899.3748,0.945263024
0,395,,412004088.3,923.2109943,1.062506677,15000.62591,15360.62232,7742.355968,0.932385939
0,396,,411508809.9,922.8409091,1.020213903,19474.89605,18961.01922,9731.233267,0.937762501
0,397,,406764268,919.280521,1.079997288,13354.80916,18033.16989,14142.17448,0.965652167
0,398,,416652951.5,926.670377,1.059716138,19771.63251,18146.12674,7359.047852,0.918526127
0,399,,408857944.9,920.8550476,1.061855206,18040.25968,14263.24678,13570.54781,0.958751121
0,400,,411261170.7,922.6557552,1.087722285,16728.03738,16720.31413,14038.43424,0.951310674
0,401,,411019159.7,922.4747375,1.050211596,17034.02611,15972.27574,12653.54416,0.952077554
0,402,,408036233,920.2377305,1.031747708,13880.09325,17700.45064,13470.37715,0.963305989
0,403,,414885708.1,925.3583555,1.119893792,17339.02507,19396.50546,8967.585834,0.935288104
0,404,,410276242.1,921.9186109,1.045362585,18665.37905,16525.50966,13554.43073,0.954795199
0,405,,416219582.9,926.3489831,1.108689766,17779.56407,16073.13117,3950.020641,0.905340523
0,406,,414075252.5,924.7554178,1.10556641,18518.22695,20806.59942,7710.753569,0.931821403
0,407,,410400061.7,922.0113452,1.013553026,19442.67256,16140.66616,11283.00677,0.946835763
0,408,,412037857.3,923.2362166,1.049954141,14052.59306,18432.1421,12928.42549,0.94903674
0,409,,418268234.4,927.8663402,1.183098458,19810.98543,15211.27246,7753.717027,0.924228676
0,410,,414272238.3,924.9020375,1.102883817,18764.41709,19793.13031,8621.87863,0.93323887
0,411,,407051304.4,919.4967026,1.061807597,13872.62194,20055.29983,12380.09065,0.949091447
0,412,,413518064.3,924.3404416,1.164846699,21184.28349,15559.3881,12081.638,0.930943001
0,413,,434077746,939.4124242,1.115376914,16925.78936,19755.49171,13238.8438,0.932944873
0,414,,413225399.8,924.122325,1.068637873,14841.87978,15526.72789,9743.92455,0.942022666
0,415,,425410374,933.1178229,1.47904452,14139.60943,15039.47476,11304.2841,0.918803359
0,416,,410962878.1,922.4326301,1.046170161,18494.54465,15068.19522,13638.72251,0.951614795
0,417,,415696163.7,925.9605085,1.112050582,16186.65018,14916.04061,9484.638955,0.928362786
0,418,,410945993.6,922.4199972,1.029669942,20320.75558,15689.07323,14048.03125,0.951889802
0,419,,439508923.9,943.3141703,1.601185001,20882.26059,17885.79018,11565.48606,0.901024017
0,420,,417846122.2,927.5541038,1.026706602,17434.15169,16084.30273,7290.145416,0.919635409
0,421,,412814543.9,923.815949,1.034038036,16754.6986,20307.15008,11938.093,0.949673294
0,422,,415499177.9,925.8142239,1.169971662,14693.56225,14710.60385,7176.067882,0.938635551
0,423,,416000084.5,926.1861141,1.029277428,17317.22781,15808.17915,3195.468507,0.903794496
0,424,,422494985.3,930.9813452,1.193103356,16198.20435,18786.76169,9284.354626,0.920070186
0,425,,411491925.5,922.8282874,1.093343807,15218.39799,17016.1589,14725.20957,0.96468321
0,426,,422528754.3,931.0061482,1.074908604,17970.8437,16847.11767,4605.4096,0.89660789
0,427,,408931111,920.9099741,1.053168832,20779.31684,17194.11326,14777.71391,0.97248968
0,428,,408959251.8,920.9310979,1.11940455,21678.14043,17558.66509,7988.506537,0.933548037
0,429,,417024410.3,926.9456802,1.133943187,17422.58019,15809.22293,5720.413258,0.921446446
0,430,,418915473.2,928.3446948,1.241840648,15344.07001,14940.70885,13360.33623,0.936303892
0,431,,413450526.4,924.2901162,1.062174274,14870.89912,15662.84061,4664.521906,0.916776328
0,432,,416422196.8,926.499273,1.14827556,16462.19215,17389.54527,13485.51637,0.947870319
0,433,,414570530.9,925.1239731,1.080948813,17183.23503,19495.91515,10597.28349,0.939234394
0,434,,408492114.3,920.5803169,1.051536846,17928.02609,13376.84174,13772.27669,0.957784208
0,435,,410726495.2,922.2557374,1.04982044,20204.43973,17899.59597,14649.41901,0.969701222
0,436,,414559274.6,925.1156001,1.0902647,15798.9695,18178.64499,13003.33919,0.951920814
0,437,,419365726.3,928.6771727,1.08810836,17160.34008,19403.98511,6142.755041,0.919505608
0,438,,412274240.2,923.4127339,1.050299322,19899.75133,20309.13784,11168.41063,0.949599869
0,439,,415651138.4,925.9270761,1.117523734,19458.85051,15003.69065,6290.964538,0.929357966
0,440,,411007903.4,922.4663163,1.030903184,14946.77166,18005.08095,14617.37815,0.968677684
0,441,,413709421.9,924.4830007,1.117758365,14094.22904,16369.65133,12886.82806,0.947084445
0,442,,414283494.6,924.9104143,1.045014864,15105.83502,15116.92687,12523.19213,0.940166656
0,443,,417485919.7,927.2874959,1.060914897,15869.09113,16916.57908,10740.90326,0.93859196
0,444,,411925294,923.152137,1.044571931,14789.39083,18992.43799,14368.98387,0.969235705
0,445,,419270047.5,928.606541,1.015311825,17427.21948,17573.51473,9657.949465,0.932297145
0,446,,417930544.6,927.6165679,1.082984498,17140.99499,16704.42196,3332.154365,0.904358574
0,447,,419557083.9,928.8184037,1.09429342,18258.06547,15379.89033,5410.414235,0.914303782
0,448,,409904783.3,921.6402958,1.047908085,14099.94854,14969.53874,8021.092017,0.932896376
0,449,,410974134.4,922.4410519,1.02609885,21492.60696,16271.61958,14345.90028,0.963004628
0,450,,421251161.1,930.0668449,1.083652702,17044.4443,15473.18198,8593.398662,0.914319943
0,451,,412313637.3,923.4421469,1.087130274,18353.93105,13447.739,14557.92241,0.961939175
0,452,,417288934,927.1416298,1.063638327,15242.99278,14973.47173,9092.201474,0.945054411
0,453,,417722302.6,927.4624746,1.04836556,19018.2477,15380.33775,11601.43372,0.94864053
0,454,,418707231.2,928.1908432,1.071698363,19556.04887,17488.14891,3509.252118,0.911690254
0,455,,417378984.6,927.2083171,1.041295033,17613.53046,20471.37023,4646.490983,0.919461417
0,456,,420913471.3,929.8182536,1.112810262,18235.90548,19091.72849,9013.040704,0.933309512
0,457,,747504548.8,1126.00004,2.420878904,16565.25588,17066.98126,2017.162904,0.141233558
0,458,,423226646.6,931.5184483,1.031960154,17326.75682,19508.54126,5013.854931,0.913995517
0,459,,417097576.4,926.9998873,1.12548178,17596.41307,21888.47151,8163.609629,0.93043938
0,460,,416382799.6,926.4700538,1.045833107,19067.41464,14564.58269,12045.23326,0.950241566
0,461,,417463407,927.2708278,1.058850483,16931.26925,14013.17987,10576.99917,0.948162272
0,462,,419877889.2,929.0550771,1.016537746,18044.89014,20260.80586,8983.706657,0.928318875
0,463,,420660204,929.6317229,1.071302473,19507.01507,19764.33749,9258.303819,0.9377647
0,464,,416878078,926.8372469,1.141595662,21195.23548,15626.16204,13769.32105,0.945495471
0,465,,413478667.2,924.3110858,1.064888772,20585.6486,20524.845,10255.58967,0.942329023
0,466,,416281492.7,926.3949102,1.110754158,16076.11866,21689.55311,11229.94096,0.95184513
0,467,,424538008.7,932.4795555,1.057794972,15724.92315,16074.14918,5112.619464,0.908973706
0,468,,422860815.9,931.2499742,1.115356702,19108.89377,17712.74265,11986.38667,0.945433511
0,469,,422309255.9,930.8449049,1.017931674,17607.35606,14839.38924,9059.517966,0.935908117
0,470,,415600484.9,925.8894617,1.057467356,13279.07026,16344.14574,13463.25251,0.946587604
0,471,,422117898.3,930.7042883,1.249137551,20546.6906,20543.37002,7194.231727,0.922182221
0,472,,420226835.4,929.3123744,1.082292603,15634.76173,16606.69151,11932.35785,0.952156684
0,473,,421408749.7,930.1828087,1.113282025,15361.72321,16237.98409,11108.56484,0.934427156
0,474,,416889334.3,926.8455889,1.047748597,16141.67325,14591.3992,6118.420615,0.928652049
0,475,,429760944.5,936.2879651,1.324222588,17772.25224,13366.78405,12275.48753,0.930289157
0,476,,412454341.4,923.5471781,1.03496539,15313.96009,13920.1028,10469.53829,0.939051588
0,477,,423924538.8,932.0301856,1.162844501,17184.14434,13946.7279,7101.500603,0.928189424
0,478,,424729366.2,932.6196373,1.045862291,16285.71652,16721.64243,3687.964975,0.902894728
0,479,,427115707.6,934.3630171,1.066024135,16094.12762,19229.33443,7775.935516,0.921286554
0,480,,420648947.6,929.6234309,1.073734718,19263.58979,18598.13639,13814.92391,0.954472038
0,481,,423029660.8,931.3739045,1.063854821,18783.03076,16603.562,10120.04794,0.939387384
0,482,,421965937.9,930.5925918,1.092421082,18760.32461,15743.00658,4699.296233,0.905687971
0,483,,419939799,929.100737,1.118667556,20546.36013,18544.16723,4262.031641,0.925781266
0,484,,421510056.7,930.2573416,1.06390306,14561.80186,20812.25778,7904.613974,0.942846502
0,485,,416298377.2,926.407435,1.016503797,16103.19215,14467.87295,15014.90089,0.968076314
0,486,,427239527.2,934.4532981,1.087798138,15857.89927,15987.84832,4100.939083,0.901768332
0,487,,424791276,932.6649489,1.068325004,16819.11505,19276.41681,9750.620743,0.930447036
0,488,,421712670.6,930.4063715,1.022211579,14055.53265,17640.5612,7475.844211,0.933534231
0,489,,426226457.8,933.7141223,1.10978251,18517.94349,17625.4944,3467.539136,0.897362921
0,490,,424622431.1,932.5413615,1.061097896,19871.10654,17796.00711,5510.38228,0.927222367
0,491,,427712293,934.7978469,1.12882332,20037.23613,18688.2751,8413.209721,0.921281804
0,492,,426187060.6,933.6853529,1.144064901,16117.64646,19843.50535,2987.784049,0.8918529
0,493,,421189251.3,930.0212798,1.158026083,16889.23158,13395.19791,12234.37948,0.953900443
0,494,,421859002.8,930.5139746,1.08122,19045.32805,19866.82159,11719.3255,0.948887249
0,495,,417333959.3,927.1749746,1.106942244,14457.73702,20733.32448,12597.31535,0.943618636
0,496,,422686342.9,931.1218781,1.046981133,17190.13376,17915.54356,13689.19785,0.946859715
0,497,,427672895.8,934.7691442,1.161801237,15798.69052,19962.9213,4981.362573,0.916993599
0,498,,422174180,930.7456505,1.069527752,19606.1511,19384.41387,11140.32715,0.943515333
0,499,,428725362.4,935.5353118,1.034346443,19009.94574,18094.21648,5177.196459,0.89899509
0,500,,421363724.4,930.1496791,1.071467915,20429.30362,15857.51043,12475.44895,0.942938063
0,501,,424689969.1,932.5908004,1.159763183,15634.21645,19625.9173,13408.94754,0.951890524
0,502,,425854999,933.4427977,1.05144201,16412.74981,15698.91305,3418.594884,0.899734385
0,503,,421678901.6,930.3815365,1.035972748,19672.57153,16340.65042,13846.62342,0.95724765
0,504,,420575781.5,929.5695294,1.090901765,19263.87438,13821.94849,8308.948291,0.93043855
0,505,,421082316.2,929.9425659,1.054540134,13132.01518,17393.2999,9818.685385,0.951546822
0,506,,426277111.2,933.7511089,1.131718348,17204.99755,17433.57149,10578.13106,0.93571154
0,507,,423710668.6,931.8734226,1.052422921,20689.72963,16671.26799,9190.126742,0.940238592
0,508,,426665454.5,934.0345754,1.089296317,18177.51798,15071.4397,9773.268304,0.925870771
0,509,,423322325.3,931.5886391,1.140421711,16635.44641,13440.74169,9914.719647,0.940287834
0,510,,421279302,930.0875548,1.039303909,13861.60869,17906.30184,10236.31664,0.938330163
0,511,,427036913.3,934.3055565,1.10739864,19334.30943,15922.16255,6371.398192,0.91271914
0,512,,423631874.3,931.8156545,1.084866578,18934.80116,20912.0405,10265.36136,0.936770071
0,513,,423277300,931.5556095,1.123953751,16107.53466,20908.35254,11682.4233,0.950714517
0,514,,423339209.8,931.6010246,1.111866447,15925.90464,20542.65295,4306.685613,0.924666837
0,515,,421149854.2,929.9922815,1.052330363,19869.21435,14132.05089,12212.68525,0.943625444
0,516,,427391487.6,934.5640736,1.040483481,19912.14581,16516.10043,6801.794197,0.912341847
0,517,,428246968.5,935.1872094,1.048965848,15991.84422,18415.30889,8506.614546,0.927375219
0,518,,426378418.2,933.8250733,1.066331626,18102.36968,15928.44567,10124.32677,0.929147116
0,519,,680737644,1091.424541,1.866835019,17690.72713,17118.32343,2023.624173,0.208155196
0,520,,428280737.5,935.2117899,1.091309357,15205.05426,17586.98341,9772.471831,0.936774315
0,521,,424706853.6,932.6031593,1.095612162,18149.57021,14684.05625,12029.90038,0.949933259
0,522,,433115330,938.7176374,1.060861115,17861.54442,17765.24621,7265.263779,0.911899041
0,523,,421420006,930.1910907,1.05381883,20783.70981,15033.59232,8052.191434,0.92140963
0,524,,423907654.4,932.0178115,1.086713393,18828.53024,21504.96346,7176.611531,0.942005925
0,525,,423834488.2,931.9641865,1.021797793,14474.01029,15764.83446,12277.41044,0.944803487
0,526,,428201943.2,935.1544335,1.047766,18908.29089,16711.84361,6032.431402,0.906970317
0,527,,426023843.9,933.5661466,1.051747751,19082.89378,15763.99414,5551.511164,0.917509914
0,528,,425342836.1,933.0684398,1.025050553,14192.20926,16952.55624,8672.981898,0.934853308
0,529,,427093195,934.3466005,1.128248104,15545.94064,19225.21879,4467.382588,0.89828841
0,530,,425376605.1,933.093132,1.073486932,17857.97191,19253.57285,13012.55448,0.947440141
0,531,,433779453.3,939.1971908,1.061155012,18240.63433,18953.80226,2810.632339,0.892862222
0,532,,427115707.6,934.3630171,1.048163322,17477.39939,20983.74068,9206.810253,0.941946581
0,533,,421329955.4,930.1248304,1.044934774,16017.66476,13653.24246,12335.43619,0.952931634
0,534,,425545450,933.2165734,1.076688702,15977.22287,15351.44143,12822.28917,0.946556759
0,535,,423958307.8,932.0549328,1.093873404,14196.17899,16867.03034,5802.896652,0.936547835
0,536,,426609172.9,933.993504,1.026168085,19236.78397,17172.32367,12760.22602,0.951797391
0,537,,432197939.3,938.0543964,1.058503874,17121.59232,15277.4131,5032.634023,0.909744275
0,538,,867632072.8,1183.347575,4.461684863,15936.13512,18283.83534,2223.511,0.253663967
0,539,,422798906.1,931.2045248,1.088582137,18351.14135,13456.66936,12943.08754,0.939804147
0,540,,428837925.7,935.6171806,1.068885992,14414.38803,16165.23538,9154.016256,0.934179124
0,541,,656677244.6,1078.411346,2.714985608,17152.53312,18018.75799,2139.796403,0.289775804
0,542,,427594101.5,934.7117335,1.018085544,18132.24681,17299.89348,10671.05209,0.941926774
0,543,,424689969.1,932.5908004,1.184416955,21597.02515,18478.64121,9584.170739,0.930474617
0,544,,422258602.4,930.807687,1.075914175,21200.47191,19687.66583,12983.18852,0.960297561
0,545,,425416002.2,933.1219379,1.073509867,19805.43335,20061.07717,12225.26782,0.941217075
0,546,,430335017.2,936.704676,1.134919738,15030.27109,16817.90137,10460.10391,0.937632808
0,547,,425669269.6,933.3070763,1.064771505,20922.13186,18182.07569,10726.42652,0.943670723
0,548,,429907276.8,936.3942207,1.101518053,15730.16477,19125.57157,5398.684044,0.923221585
0,549,,430667078.8,936.9455454,1.019487978,19190.92895,18923.07426,8840.682585,0.930438119
0,550,,430385670.7,936.7414268,1.047729108,19754.08742,18102.97251,9998.121125,0.939456819
0,551,,432681961.4,938.404444,1.02541707,18503.32431,17316.80276,2584.106807,0.896391125
0,552,,431561956.9,937.5940525,1.177795726,19788.71837,18295.4502,3823.271859,0.907337124
0,553,,425354092.4,933.0766707,1.049606523,14473.60307,19361.32786,12531.66703,0.952326581
0,554,,426766761.5,934.1084949,1.03274811,19952.66747,16891.97255,12221.43398,0.949978286
0,555,,430402555.2,936.7536764,1.043684998,16595.31866,15343.22576,5798.691612,0.9321306
0,556,,428055610.9,935.0478959,1.089773731,19577.1936,20220.22926,10286.37887,0.935290393
0,557,,428579030.1,935.4288609,1.024472101,15541.76094,18172.85779,6656.702869,0.922828395
0,558,,422528754.3,931.0061482,1.054168603,21429.30721,18885.41606,10349.99731,0.93883676
0,559,,430346273.5,936.712843,1.074944379,17978.22156,19900.82421,2872.351788,0.893159833
0,560,,432034722.6,937.9362981,1.125777603,15762.04619,16765.10751,9845.44314,0.932208977
0,561,,427464653.8,934.6174006,1.054801973,14601.82892,18269.60602,13796.34682,0.951182217
0,562,,423958307.8,932.0549328,1.068094906,21690.35543,17905.22338,10253.56205,0.951898559
0,563,,431432509.1,937.5002988,1.079745249,14965.88141,17471.77069,8855.432861,0.934613659
0,564,,425815601.8,933.4140116,1.065575288,14540.44712,16500.43989,14415.00431,0.96245414
0,565,,425854999,933.4427977,1.061571348,17951.69225,13458.42156,7198.674115,0.944185444
0,566,,431719545.4,937.7081621,1.194486752,16159.36375,13891.35721,9218.389432,0.928899646
0,567,,426136407.1,933.6483611,1.051361048,21408.54281,18877.70994,7194.673037,0.939216284
0,568,,429327575.9,935.9731433,1.02463931,18502.13517,14353.85148,8473.13955,0.944347838
0,569,,427633498.7,934.7404397,1.08057958,18619.55295,20833.11533,13119.52918,0.953895715
0,570,,427504050.9,934.6461126,1.011158286,14547.23392,20310.96025,8829.398324,0.934979077
0,571,,424813788.7,932.6814248,1.025674526,14656.92945,14337.87811,12802.52844,0.946295504
0,572,,430385670.7,936.7414268,1.074529521,17691.89452,14360.00348,10113.90372,0.944287807
0,573,,425337207.9,933.0643243,1.033904604,16366.11692,21774.6793,12099.30873,0.956427381
0,574,,430886577.2,937.1046963,1.107200335,14383.63831,18939.00423,6492.842538,0.92779249
0,575,,425995703.1,933.5455907,1.053856585,17683.23528,13376.68646,11320.0739,0.950995376
0,576,,425624244.3,933.2741681,1.025092184,19492.22143,20893.41289,11921.19332,0.95096607
0,577,,426423443.5,933.8579426,1.060825428,21268.104,15810.19228,7955.681238,0.929693405
0,578,,439255656.5,943.1329403,1.14609263,16906.04012,17760.98565,7114.776989,0.919666403
0,579,,432378040.6,938.1846772,1.247739543,16846.578,21893.02692,13800.02479,0.952833522
0,580,,433087189.2,938.6973065,1.074184684,15696.42698,14832.6424,7187.765884,0.925518668
0,581,,431044165.8,937.2189251,1.099113701,14419.84275,16264.12316,10070.64657,0.932114464
0,582,,433920157.4,939.2987283,1.154046635,16506.54568,17053.59908,11439.83234,0.943716391
0,583,,426209573.3,933.7017928,1.063592407,13272.66617,18677.40892,8685.265417,0.945604328
0,584,,427858625.2,934.9044415,1.035727418,17606.18245,13387.41168,10402.42482,0.952562507
0,585,,947535111.4,1218.612316,2.815121765,14293.09045,18387.0407,2391.827595,0.172911519
0,586,,436362780.4,941.0579313,1.072434945,17771.89119,19229.17871,7219.761095,0.922594973
0,587,,431297433.2,937.4024488,1.098593407,18800.49665,13819.61971,7171.927361,0.932563171
0,588,,431668892,937.6714871,1.159904465,19640.33589,15125.04464,13985.16364,0.950295197
0,589,,437004391.1,941.518937,1.070682398,16862.10063,18792.47142,8419.382039,0.919109915
0,590,,433801966,939.2134383,1.046916746,17450.73415,18019.20779,12073.74532,0.946000659
0,591,,433745684.3,939.1728186,1.063423981,16923.25642,15310.4368,4110.035215,0.916439573
0,592,,427020028.8,934.2932425,1.074700273,21055.83678,15371.48262,10456.67119,0.945736902
0,593,,428776015.9,935.5721545,1.01613076,17326.42065,16991.81206,14708.15637,0.963124749
0,594,,441180488.5,944.5085456,1.078366738,15607.5444,17330.48644,3927.299487,0.897229589
0,595,,432158542.2,938.0258926,1.038402424,19677.97353,18531.60571,4683.643684,0.923149559
0,596,,431072306.6,937.2393202,1.056622718,21206.40094,16291.86674,7158.213705,0.935770558
0,597,,439801588.4,943.523505,1.170042271,15274.60123,13988.2009,7288.419877,0.925658737
0,598,,430706476,936.974115,1.079213829,18265.7253,20010.48982,11242.79471,0.942760927
0,599,,430295620,936.67609,1.097176546,16333.77729,14613.58647,5241.93209,0.915575937
0,600,,426051984.7,933.5867016,1.032504919,20975.00813,15247.87534,14565.99025,0.958173487
0,601,,431415624.6,937.4880687,1.042025856,14979.45347,19719.3059,11818.27879,0.946895832
0,602,,429957930.2,936.4309959,1.093882191,13818.29179,15997.89826,14137.05278,0.957796399
0,603,,429344460.4,935.9854131,1.034889851,19330.93368,13831.33742,11497.76367,0.952114916
0,604,,433357341,938.8924466,1.075952588,16112.24113,14219.29514,10110.43115,0.938274228
0,605,,428770387.7,935.5680611,1.105994893,21589.02435,16653.00476,9579.015272,0.937135478
0,606,,766629048.8,1135.521992,3.377621652,19698.46747,17274.5794,2354.640061,0.345920441
0,607,,433436135.3,938.9493472,1.034938615,14434.56018,18283.44749,8881.49321,0.933927765
0,608,,434488601.9,939.7087164,1.040427206,16920.68144,15848.77058,10351.49338,0.938941733
0,609,,429254409.8,935.9199707,1.059364098,19299.73525,13812.91693,10042.34902,0.935009281
0,610,,434674331.3,939.8425953,1.195794968,17439.6168,14172.42274,14281.83618,0.956897471
0,611,,435220263.2,940.2358977,1.033070036,18015.10793,21092.94065,8438.131244,0.934403909
0,612,,429834110.6,936.3410959,1.009904587,19050.03507,19338.86253,14439.1996,0.968028506
0,613,,437640373.5,941.9754536,1.046677368,16602.12883,18869.08911,5635.019669,0.917077802
0,614,,432715730.4,938.4288562,1.147417487,20443.49952,16675.92901,3449.394147,0.889736634
0,615,,433317943.9,938.8639938,1.058894818,20005.48566,14289.73467,8078.568112,0.928961508
0,616,,432783268.4,938.4776768,1.108283882,20502.43605,18717.55098,6987.954903,0.920774668
0,617,,431393111.9,937.4717613,1.061568869,16201.18876,15381.93281,14826.63361,0.967735307
0,618,,434482973.8,939.7046588,1.057650352,18637.97472,14432.96189,10235.80469,0.944567556
0,619,,429974814.7,936.4432536,1.078365721,17480.53954,13387.15528,9506.106776,0.950174332
0,620,,433565583.1,939.0428118,1.074818708,20992.54112,15365.53643,7203.047634,0.936400218
0,621,,433965182.7,939.3312157,1.06708045,16927.79565,14306.66945,9556.970431,0.93518455
0,622,,434173424.8,939.4814405,1.073345025,20924.28399,19671.33348,7175.949651,0.925385428
0,623,,442823912.2,945.679876,1.059632401,16247.61774,16711.31639,4618.196008,0.90342313
0,624,,438034345,942.2580297,1.054435326,19411.23678,15977.53795,9078.572099,0.934965679
0,625,,438867313.2,942.854919,1.079756579,16600.93193,17923.4932,9892.094024,0.931448819
0,626,,438687212,942.7259259,1.063780155,15138.21927,17210.29201,6672.270988,0.917871613
0,627,,436621675.9,941.2440055,1.0335431,14849.34798,16995.40187,11371.88903,0.940626452
0,628,,438428316.5,942.5404364,1.05347716,18193.7123,18248.33799,10673.07367,0.935316993
0,629,,433745684.3,939.1728186,1.054550252,13597.91899,15742.31494,7889.559456,0.928568023
0,630,,436070115.9,940.847498,1.038137043,15382.84926,18626.79162,10883.95375,0.941408046
0,631,,432226080.2,938.0747551,1.042820423,20470.45442,14653.26153,10504.24635,0.9434004
0,632,,435163981.6,940.1953663,1.085666654,17856.39043,21007.49095,5913.109513,0.916423093
0,633,,432169798.5,938.0340367,1.102093354,17220.95069,14788.81056,15033.28086,0.975304681
0,634,,435090815.4,940.1426702,1.062340837,18812.38796,19719.80414,4206.235548,0.908087862
0,635,,439643999.8,943.4107978,1.042960911,19099.00326,18419.29366,6357.072574,0.918756948
0,636,,435130212.6,940.1710458,1.038984381,14661.66404,20020.42348,10110.07126,0.952439036
0,637,,436762380,941.3451019,1.079602396,19534.81167,15941.41591,12165.50948,0.938909088
0,638,,430875320.9,937.096536,1.062363613,15493.79301,21443.06523,12142.00776,0.952261718
0,639,,437510925.8,941.8825702,1.112910214,17701.82792,15101.31728,13165.70987,0.951230206
0,640,,432355527.9,938.1683941,1.051983425,18471.3306,21788.93197,7994.273332,0.937119568
0,641,,433357341,938.8924466,1.018437701,20625.04327,18177.84992,13175.89113,0.954549161
0,642,,436700470.2,941.3006222,1.014610769,19042.938,19476.63644,10397.78293,0.943440074
0,643,,445446636.5,947.5432028,1.163643316,16572.69364,16267.42316,8938.284771,0.920731924
0,644,,439114952.4,943.0322269,1.041560831,18922.18816,15635.08019,9795.373557,0.93496739
0,645,,438338265.8,942.4759012,1.048479991,15598.44346,20120.67512,10249.01915,0.933571878
0,646,,439480783,943.2940371,1.05186921,20387.55374,19418.49245,12619.20534,0.918380688
0,647,,443347331.4,946.0523281,1.050329938,15008.86886,17675.26173,7505.092896,0.922709535
0,648,,439576461.8,943.3624866,1.09781032,20026.45805,17728.10225,11771.75278,0.948500674
0,649,,432732614.9,938.4410618,1.032111184,17007.35452,21880.27545,12765.07492,0.964186196
0,650,,452532494.4,952.5410828,1.101592377,16462.8455,17628.93053,5421.660602,0.89418652
0,651,,453365462.7,953.1251662,1.386728363,17465.09297,14863.05247,8046.90875,0.917654668
0,652,,441000387.2,944.3800039,1.047021925,17915.83125,20082.27024,8069.316425,0.93306467
0,653,,438433944.6,942.5444696,1.064648737,15468.69811,14906.46365,10019.23021,0.942380594
0,654,,439705909.6,943.4550789,1.110748036,16346.84021,20828.66751,7188.481299,0.927758222
0,655,,432828293.7,938.510221,1.028403235,19225.0764,13752.59533,14713.49713,0.968427562
0,656,,438720981,942.7501148,1.047323118,16292.73439,19028.18067,13183.29091,0.952002744
0,657,,435338454.6,940.3210024,1.075350815,20401.26567,20703.65206,11811.56603,0.94589222
0,658,,437724796,942.0360199,1.091289013,16785.96313,14340.94661,12273.54426,0.952128005
0,659,,753774323.1,1129.139427,3.575220309,14484.02358,16499.63823,2714.813219,0.331546685
0,660,,439627115.3,943.3987205,1.127570455,15154.03033,14021.63869,11340.32369,0.928626501
0,661,,444968242.6,947.203872,1.115240837,17236.20226,17172.59762,4147.4449,0.89914319
0,662,,433430507.2,938.9452831,1.041333363,21677.78012,17136.81447,12761.61691,0.952337386
0,663,,439722794.1,943.4671548,1.020067528,16378.58705,19453.47565,12105.67012,0.948472616
0,664,,434522370.9,939.7330608,1.076493342,21696.29425,18020.83135,13051.69463,0.954581528
0,665,,442975872.6,945.7880375,1.038310317,20002.95503,19805.36371,7361.295043,0.92496474
0,666,,439565205.5,943.3544342,1.053505121,17029.19922,14462.16899,6377.146196,0.932069443
0,667,,443381100.4,946.0763472,1.046744318,17192.56023,18475.75382,9380.061783,0.922074334
0,668,,437505297.6,941.8785313,1.136763143,20821.09368,20263.13615,11100.73568,0.937518257
0,669,,445232766.2,947.391532,1.075338227,18609.6765,19492.37662,7770.760347,0.922963632
0,670,,437482785,941.8623757,1.123128206,13417.23793,19232.35376,9448.405849,0.933499098
0,671,,442891450.2,945.7279508,1.024203899,17616.47228,20888.54908,7605.972139,0.936590917
0,672,,441366217.9,944.6410676,1.106009589,15746.8402,14639.43176,10870.21415,0.936609099
0,673,,439824101,943.5396038,1.13143556,19026.47272,20481.9232,3505.946313,0.918451244
0,674,,441242398.3,944.5527237,1.091104851,20403.7989,19672.40492,11660.16802,0.940513622
0,675,,436475343.7,941.1388422,1.049478126,19572.91303,15241.52662,4904.670472,0.908953497
0,676,,438298868.7,942.4476643,1.046995072,18562.55261,14356.97362,12807.30554,0.952654765
0,677,,444996383.4,947.2238394,1.018870168,19317.86351,19432.88398,4956.016156,0.910880005
0,678,,437195748.6,941.6563425,1.063653756,13654.88115,15540.48298,11876.96833,0.943891405
0,679,,437443387.8,941.834102,1.05552046,13619.60197,15583.20674,13042.0308,0.954713912
0,680,,441585716.2,944.7976366,1.050472695,13730.94013,16735.63372,9500.57915,0.945017074
0,681,,445142715.6,947.3276561,1.191553432,20783.11916,18239.83147,8838.762588,0.937545426
0,682,,437837359.3,942.1167629,1.081386353,21213.52532,19416.9422,11171.78014,0.944705375
0,683,,442379287.3,945.3632613,1.093198735,16224.93444,14687.75178,3888.346184,0.911368551
0,684,,441006015.4,944.3840213,1.087621005,20646.41004,19402.77161,8576.54746,0.94741208
0,685,,440195559.8,943.805155,1.044971494,18759.2907,14587.28529,11163.42478,0.946996486
0,686,,438884197.7,942.8670103,1.148005012,20791.96621,17847.26025,5990.867398,0.931459047
0,687,,443251652.7,945.9842674,1.085796302,14216.87611,17515.5644,3232.034406,0.885146536
0,688,,438811031.6,942.8146124,1.112497005,20984.52617,15356.00535,8881.597496,0.927810188
0,689,,442694464.5,945.5877189,1.181558641,15369.8754,13946.52983,9587.536004,0.933978665
0,690,,440465711.7,943.9981893,1.153098912,21673.54344,17152.18748,14599.32872,0.967098844
0,691,,438692840.1,942.7299575,1.039226918,20814.7559,20250.02258,14013.335,0.958120221
0,692,,438017460.5,942.2459228,1.063668114,17761.31783,21877.19296,12203.53565,0.956832616
0,693,,445778698.1,947.7785955,1.049068768,18731.50112,17635.17728,5947.865273,0.916907344
0,694,,443330446.9,946.0403181,1.111811054,17818.32989,14480.82239,4279.260975,0.924038635
0,695,,438929223,942.8992522,1.04728993,14123.64161,20371.77309,11559.72119,0.959853497
0,696,,448452075.8,949.6694604,1.080771794,16437.24253,18591.69337,6494.705735,0.908493724
0,697,,443510548.2,946.1684092,1.039746801,20217.40825,17486.60511,9166.07668,0.938342715
0,698,,443555573.5,946.2004265,1.180382425,16610.43136,13468.95692,8497.123045,0.940093414
0,699,,456230197.9,955.128495,1.06829045,15061.18867,17334.84175,2904.846573,0.856143767
0,700,,441782702,944.9381031,1.050590181,17377.7524,19823.42273,12419.87433,0.944308547
0,701,,444945729.9,947.1878975,1.081636789,17610.0183,20016.30352,9773.514664,0.938707768
0,702,,451288670.3,951.6675685,1.094944778,16197.49361,16724.91817,5580.165563,0.905319519
0,703,,448029963.6,949.3714033,1.034885499,15734.92208,16587.58191,7483.636157,0.917705385
0,704,,444540502.1,946.9002644,1.145880997,20234.60383,18792.36356,10409.55208,0.941695598
0,705,,442030341.2,945.1146303,1.059795632,13913.86996,20102.33819,9471.106511,0.947819673
0,706,,479981048.3,971.4232401,1.601038467,20581.75566,18806.43928,6072.715541,0.8870897
0,707,,444855679.3,947.1239941,1.026894511,19131.63396,17808.58338,11056.33283,0.943055103
0,708,,455402857.9,954.5507938,1.322147318,17011.40139,18078.61663,11214.51246,0.930207615
0,709,,482356133.4,973.0228988,1.287907438,21131.01456,19234.65667,13781.72817,0.828219043
0,710,,449971680,950.7409199,1.049524341,16728.00822,16200.60206,6192.939264,0.912991726
0,711,,442598785.7,945.5195913,1.050304478,20307.28715,19084.20241,3532.667485,0.9230117
0,712,,445497289.9,947.5791177,1.064808613,19777.88369,15101.85433,9209.845306,0.938989803
0,713,,449543939.6,950.4395681,1.194464598,20143.91207,19574.47643,9908.726571,0.939588844
0,714,,446206438.5,948.0816409,1.05833237,15674.47223,17458.7552,11522.3246,0.940953659
0,715,,446662319.8,948.4044105,1.049534749,17742.35798,18640.76358,11409.00172,0.944168896
0,716,,442700092.6,945.5917261,1.055135371,13475.42471,15908.03334,11009.7165,0.94767282
0,717,,438974248.3,942.9314919,1.079787365,20178.31146,20902.1052,7943.81423,0.929242457
0,718,,447917400.3,949.2918898,1.049577921,17005.66048,15387.37925,9529.507701,0.936108697
0,719,,446245835.7,948.1095433,1.039058518,18543.77612,19950.1457,6290.187443,0.929730603
0,720,,449268159.5,950.2451742,1.137890005,18602.5316,19711.15866,9552.773928,0.929866123
0,721,,453320437.3,953.0936124,1.04669602,15372.39586,16529.02666,3473.212105,0.897528985
0,722,,445277791.6,947.4234667,1.074253414,19704.10495,18852.00781,12978.28182,0.951984869
0,723,,443296678,946.0162972,1.069492571,13417.16608,19118.22599,7902.373556,0.938324128
0,724,,449971680,950.7409199,1.119530181,19125.96585,19849.99316,7019.609192,0.92395868
0,725,,447821721.5,949.2242928,1.05942386,15289.40235,20141.35701,8277.204029,0.942384374
0,726,,442210442.4,945.2429723,1.059667624,15155.52866,21248.03207,12979.16481,0.956347029
0,727,,449341325.7,950.2967558,1.016478767,18694.31297,18651.95894,3617.900563,0.912670675
0,728,,444135274.3,946.6124564,1.079234415,20108.45861,20967.32896,12642.76727,0.95844229
0,729,,445249650.7,947.4035078,1.062560643,19710.25531,14087.52343,7213.630923,0.947187319
0,730,,447292674.1,948.8503475,1.103333215,18804.25121,20706.96747,5776.080764,0.912363734
0,731,,446099503.4,948.0058977,1.105947902,17526.20543,13420.124,8007.928556,0.936062119
0,732,,443172858.4,945.92821,1.075314274,13224.60424,18626.91284,13452.35051,0.956341194
0,733,,445328445,947.4593907,1.067205994,20655.30262,16959.13648,5765.013503,0.92792122
0,734,,446448449.6,948.2530151,1.091355341,16473.19269,14196.48637,14209.60051,0.94037825
0,735,,447264533.3,948.8304485,1.051127317,15870.97334,15881.10515,6023.016812,0.921295452
0,736,,444174671.5,946.6404454,1.082316339,14533.85669,14470.00093,11848.60099,0.949200835
0,737,,442165417.1,945.2108901,1.040980953,19988.46465,14232.82362,13829.89371,0.952411415
0,738,,450815904.5,951.3351331,1.099789746,18583.47272,15211.9227,8909.667186,0.93228121
0,739,,1160324721,1303.747957,3.802107933,20433.9192,18329.1909,2365.931841,0.210799049
0,740,,443341703.3,946.0483248,1.099738984,13111.55557,17818.46912,12915.74344,0.956055107
0,741,,443583714.3,946.2204362,1.094122268,13533.49335,15865.14409,10096.22235,0.935129324
0,742,,440161790.8,943.7810201,1.029953291,16933.76475,14485.63835,4575.195382,0.923193232
0,743,,447287046,948.8463678,1.100601517,20978.90307,17652.30044,12456.98034,0.945529182
0,744,,442368031,945.355243,1.071999416,21607.08229,18466.4304,8007.262618,0.933766735
0,745,,449234390.6,950.2213654,1.082636698,16134.12337,20703.80026,5485.504672,0.932143466
0,746,,453387975.3,953.1409423,1.026138645,17795.55529,15727.88854,8102.40285,0.925445915
0,747,,452419931.2,952.4620976,1.017092147,18204.11883,20095.8388,7165.339417,0.920348248
0,748,,449836604.1,950.6457768,1.07842865,16844.19622,17911.28084,12807.02661,0.944070109
0,749,,455138334.2,954.365939,1.365258287,17245.2908,21806.72628,9704.301592,0.930451804
0,750,,448412678.7,949.6416496,1.055749602,17888.46708,14279.75529,11009.11731,0.948365441
0,751,,453652499,953.3262724,1.089980788,19979.44922,18080.47269,6426.697228,0.928324244
0,752,,450973493.1,951.4459707,1.103504952,20060.28624,17837.67701,10857.86599,0.94261863
0,753,,766702214.9,1135.558115,3.023913178,19394.80863,20080.44041,2041.175708,0.125013245
0,754,,448452075.8,949.6694604,1.023171296,14764.27092,16662.71317,12283.81155,0.956138817
0,755,,448108757.8,949.4270548,1.06599079,17381.07736,19725.17468,14036.3396,0.962218285
0,756,,449397607.3,950.3364302,1.085307221,19537.08515,15327.92512,10804.62579,0.946400831
0,757,,448992379.5,950.0507007,1.155250544,13993.87939,16813.87358,13743.95139,0.951912934
0,758,,451547565.8,951.8495181,1.013410847,16567.03191,18636.54012,10509.4985,0.936653351
0,759,,448429563.2,949.6535687,1.057124116,18919.43547,20715.46702,8556.174028,0.939875331
0,760,,447377096.6,948.9100394,1.077125335,16988.97653,21616.02574,7538.833233,0.940467675
0,761,,450770879.2,951.3034605,1.127237025,15831.4667,20561.5588,6436.401008,0.921592222
0,762,,446521615.7,948.3048137,1.104388353,18613.80214,21724.53203,10584.10332,0.947964422
0,763,,448975495,950.0387915,1.054616321,16125.14542,14437.67536,13259.53603,0.957444315
0,764,,445789954.4,947.7865728,1.058396052,13653.15034,19711.04864,14043.53761,0.965763402
0,765,,445367842.2,947.4873297,1.086493678,20936.77267,15200.29641,12917.00641,0.93819565
0,766,,453613101.8,953.2986746,1.033165745,19701.6688,17208.81116,6214.684601,0.928830059
0,767,,459877247.9,957.6668046,1.139280535,15701.65548,18349.63085,7594.36243,0.909350427
0,768,,450438817.6,951.0698096,1.065279177,17336.60135,13976.09669,8758.748459,0.937171348
0,769,,450455702.1,951.0816929,1.114993479,18964.25019,17309.31849,15056.77797,0.96552545
0,770,,451660129.1,951.9286049,1.115065963,19962.73592,19576.75817,14331.75924,0.946175753
0,771,,448187552.1,949.4826998,1.055423025,18782.44455,21680.9026,11838.3553,0.949412936
0,772,,447123829.2,948.7309412,1.049656699,21261.44137,15781.62168,9645.599791,0.930787496
0,773,,452847671.6,952.7621715,1.091757795,21133.49327,17447.9991,9448.399144,0.938312332
0,774,,450281229,950.9588843,1.074230436,17205.93428,14385.713,5463.8272,0.935909826
0,775,,454260340.7,953.7518645,1.120767373,20451.25418,16544.83891,4376.533788,0.905861375
0,776,,466816773.7,962.4598248,1.435598632,19175.61512,15764.0951,13385.81694,0.936656611
0,777,,448452075.8,949.6694604,1.097016553,20819.56844,15059.2727,11285.0306,0.929277244
0,778,,458121260.9,956.4463372,1.030671203,18672.66077,19046.35754,6931.254969,0.91484206
0,779,,457423368.6,955.9604137,1.021094965,16489.72701,16116.89867,7123.939049,0.920158839
0,780,,755181364,1129.841564,3.476155834,16739.25546,14841.57948,2581.010721,0.18457007
0,781,,450371279.6,951.0222733,1.07529404,16110.81709,21700.98752,13258.56878,0.964407021
0,782,,455791201.2,954.8220467,1.048802402,15096.54917,16349.57343,6270.702269,0.924558134
0,783,,454344763.1,953.8109445,1.083893892,18496.22937,15871.03372,14175.95181,0.952193929
0,784,,450101127.8,950.8320808,1.09547653,13120.49018,17227.13232,13737.56912,0.960332892
0,785,,486312732.4,975.6761133,1.445092714,15067.4468,19582.60604,7384.221847,0.905140162
0,786,,455599843.6,954.6884051,1.077701024,14367.73321,18695.3162,8011.54118,0.941927325
0,787,,455492908.5,954.6137067,1.121371532,19780.0536,17970.35073,12625.28244,0.947171329
0,788,,454744362.7,954.0904905,1.079566477,14677.487,17351.04454,14014.19059,0.947485908
0,789,,914655379.7,1204.350665,3.757902286,14864.01911,19234.17119,2394.269359,0.16387223
0,790,,471324932.7,965.5481379,1.401357915,17049.76603,20624.38485,12763.43364,0.925500681
0,791,,450495099.2,951.1094195,1.04205331,18912.26461,18642.1533,15075.22328,0.976877139
0,792,,449459517.1,950.3800682,1.052166547,14050.76562,14953.54408,12484.42531,0.942628346
0,793,,458700961.7,956.8495922,1.048216389,16990.66098,19562.1187,7899.310313,0.93486436
0,794,,451451887,951.782284,1.065559674,21464.68504,18904.012,8807.816788,0.940242948
0,795,,450050474.3,950.7964112,1.05450093,21118.34711,19788.25571,10342.63828,0.929445507
0,796,,454710593.8,954.0668733,1.060142866,15664.47781,20557.36456,13375.22326,0.954827628
0,797,,453055913.7,952.9081917,1.093673124,13206.5375,16738.66142,11376.24364,0.948339603
0,798,,453725665.1,953.3775212,1.023825879,16217.0552,20991.67057,12638.4745,0.955144203
0,799,,456596028.6,955.3837184,1.093955313,14931.1276,20052.26059,12989.18098,0.946077184
0,800,,455858739.1,954.8692054,1.055965145,14505.57317,19155.01081,13450.86243,0.949779734
0,801,,450962236.8,951.4380546,1.04194559,15381.6978,13925.87695,8699.214543,0.938988841
0,802,,452408674.8,952.4541984,1.049893011,21677.67008,17992.61164,8815.804337,0.941066098
0,803,,461171725.6,958.5645201,1.017724945,16502.50272,17639.70408,4471.270052,0.899064115
0,804,,450950980.5,951.4301383,1.034706916,21641.30718,17019.44359,10441.81068,0.947346659
0,805,,459927901.4,957.7019642,1.106839726,14336.02929,16715.41239,4629.129818,0.925231489
0,806,,452780133.6,952.714804,1.052953498,21518.70885,16434.72305,12174.73433,0.947492585
0,807,,461256148,958.6230084,1.006583896,19207.6684,15772.45517,8174.541009,0.926553066
0,808,,456128891,955.0577936,1.095274617,21422.52109,16164.13693,8808.716797,0.930655179
0,809,,459286290.8,957.2564178,1.109251281,16634.09208,14619.50324,8751.864837,0.935447844
0,810,,461402480.3,958.7243712,1.035157592,19589.91237,14844.80729,14902.5629,0.935343447
0,811,,463304799.6,960.0401416,1.074157018,18103.39661,14307.68767,7612.633869,0.926531957
0,812,,459308803.4,957.272058,1.153320431,18463.65575,14647.04393,3639.724688,0.902916113
0,813,,456173916.3,955.0892177,1.035242605,19532.26301,20395.39641,14072.29833,0.957947517
0,814,,455960046.1,954.9399347,1.070831498,21578.83437,16705.99397,11297.0194,0.951032644
0,815,,461588209.7,958.8529931,1.090294892,16736.65215,20124.60385,4591.245161,0.920741311
0,816,,458042466.6,956.3914996,1.109726688,18373.46415,13499.94856,9879.519279,0.938811414
0,817,,461858361.5,959.040018,1.056064988,16233.59775,14034.23085,7120.527091,0.932016313
0,818,,459016138.9,957.0686951,1.018591535,16319.03049,18290.51969,13803.30946,0.951657384
0,819,,467261398.6,962.7652964,1.175421631,15256.08541,16607.23146,4428.596784,0.884194735
0,820,,475112686.8,968.1277492,1.306185107,16594.96868,17144.94962,9354.187376,0.915663141
0,821,,461453133.7,958.7594533,1.039272668,14794.07247,15697.70356,5654.463272,0.938068784
0,822,,460704588,958.2407559,1.066110088,15583.29471,17370.13906,5872.333262,0.914740267
0,823,,455436626.9,954.5743871,1.0691442,20417.60998,15067.52549,15303.39272,0.976242095
0,824,,457136332.3,955.7604146,1.083942602,14768.81397,20959.64946,13759.01386,0.955564833
0,825,,458571514,956.7595745,1.07477673,16301.25597,13514.52087,13198.41312,0.953226924
0,826,,462544997.5,959.5150448,1.097188725,15522.98391,17401.33416,12472.59611,0.945014448
0,827,,460473833.3,958.0807434,1.016421238,17048.6386,14513.73078,13505.5563,0.951416595
0,828,,460079861.8,957.8074277,1.044505432,15326.17398,20204.48955,5723.648205,0.921983015
0,829,,481917136.6,972.7276235,1.05965493,15244.62988,18234.86384,2624.467678,0.772826272
0,830,,486656050.4,975.9056558,1.4799165,19301.97485,16428.05632,7471.323842,0.898354095
0,831,,485142074.3,974.8925977,1.547421656,15908.46143,20538.26594,8859.797998,0.906604743
0,832,,459623980.6,957.4909676,1.027563384,20124.77844,17207.00094,13101.06767,0.949430713
0,833,,457141960.4,955.7643369,1.085502463,14576.44248,14429.47457,10759.94959,0.932412096
0,834,,456866180.4,955.5721036,1.04642009,20670.23766,14867.265,13775.21482,0.939866859
0,835,,461852733.4,959.0361224,1.052272825,13819.32493,17785.17413,8377.215577,0.930418417
0,836,,459139958.5,957.1547438,1.116035992,16984.01947,21884.90015,11379.98157,0.953719935
0,837,,459061164.2,957.0999873,1.05966573,15420.56974,21381.4036,9567.059353,0.931133245
0,838,,473373584.3,966.94506,1.277599508,20809.94464,17088.98466,7567.491577,0.923702616
0,839,,459139958.5,957.1547438,1.07605458,16731.8681,21850.36659,10444.23567,0.945587801
0,840,,455836226.5,954.8534864,1.075931126,13452.64002,19244.4691,11019.64401,0.939395274
0,841,,466276470,962.0883576,1.049263383,17175.67269,20266.86928,8628.943648,0.932946449
0,842,,458751615.2,956.884812,1.068924577,18969.83914,13688.7321,9177.54525,0.935488762
0,843,,459303175.3,957.268148,1.029253146,20272.04234,20282.55246,8639.069407,0.938548353
0,844,,461470018.2,958.7711468,1.132683098,21325.85575,19368.68663,7972.721572,0.934442826
0,845,,952544177,1220.755908,2.951377162,15369.18428,20066.18464,2350.44758,0.173752483
0,846,,463715655.5,960.3238437,1.100009952,14084.05866,16348.70843,11662.17862,0.945225787
0,847,,460575140.2,958.1509993,1.046198879,15119.81193,21020.00241,10439.19409,0.942361643
0,848,,461925899.5,959.0867628,1.062964238,20815.43835,17818.64983,6922.041942,0.926474706
0,849,,462032834.6,959.1607661,1.056911905,16802.15355,21847.86551,8568.375871,0.945309119
0,850,,470261209.8,964.8212159,1.09030352,16352.7864,17615.04279,6377.867368,0.909112672
0,851,,462145397.9,959.238652,1.061767329,20669.73944,14907.4989,9620.091002,0.940523442
0,852,,464087114.3,960.5801973,1.136966674,21607.99894,18574.45789,11230.23578,0.951991084
0,853,,462499972.2,959.4839099,1.02996862,19643.51349,20284.26933,13114.72614,0.955989606
0,854,,459207496.5,957.2016729,1.02330481,17882.72495,19295.39317,14769.77318,0.979301357
0,855,,471308048.2,965.536608,1.083607988,17537.22888,18755.74894,5568.19103,0.911626573
0,856,,462809521.2,959.6979215,1.062185483,20203.15204,19321.5377,4645.288805,0.927878724
0,857,,470722719.2,965.1367346,1.063146962,16222.74625,19592.71692,3917.427715,0.900905345
0,858,,470559502.5,965.0251723,1.100814515,16182.37127,18418.60077,4934.260363,0.903486026
0,859,,467644113.7,963.0280789,1.045794267,16347.20849,14685.35207,7873.376086,0.933721911
0,860,,463068416.7,959.8768397,1.085804421,20006.87869,20556.39345,9517.309022,0.938290621
0,861,,468724721.1,963.7692798,1.017345154,16652.30179,16760.52903,10216.33436,0.938204109
0,862,,469287537.5,964.1548708,1.091942759,14481.89016,16063.90166,8044.577456,0.941648881
0,863,,466017574.4,961.9102612,1.030747819,19905.20234,17903.33617,13736.27769,0.954650976
0,864,,471876492.7,965.9246299,1.066710792,17827.0678,17821.32827,5690.240249,0.906636867
0,865,,462409921.6,959.4216341,1.052893759,18939.13246,21636.22474,8800.072819,0.933651399
0,866,,470491964.5,964.979001,1.023716346,16201.54002,15874.40417,9734.621868,0.935460364
0,867,,464818775.6,961.0847364,1.127723652,13972.00072,15137.86385,10496.56553,0.938291934
0,868,,463496157.1,960.1722977,1.037231394,19899.77364,21108.45263,10418.19737,0.953871808
0,869,,471578200.1,965.7210533,1.116694856,17510.67236,16003.38087,11820.57383,0.938902897
0,870,,463974551,960.5025289,1.072788837,21629.64006,17069.40315,8730.299192,0.932828232
0,871,,472675692,966.4696389,1.069697287,15624.50814,17333.54838,8124.915683,0.925985265
0,872,,468482710.1,963.6033807,1.070805866,20629.11785,16356.55236,10087.25519,0.935884082
0,873,,463546810.6,960.2072741,1.062467226,19531.56268,13932.78882,13084.68987,0.942932503
0,874,,464993248.7,961.2049714,1.051178337,16645.65785,18792.20237,14568.69585,0.966860643
0,875,,468161904.8,963.3833799,1.066376279,16672.74047,20877.44904,8058.807462,0.925274532
0,876,,466991246.7,962.5797165,1.073984291,14983.2738,20439.00906,11195.66735,0.952891876
0,877,,496387145.2,982.3674589,1.365600849,17966.30241,14339.77382,6710.859739,0.901539136
0,878,,471448752.3,965.6326821,1.0340683,19365.69397,20415.85157,7755.520297,0.92911689
0,879,,471915889.9,965.9515109,1.157984505,14647.62929,17640.37525,12166.88363,0.952013953
0,880,,472501218.9,966.3507105,1.072788602,16570.39753,19822.31069,5514.997499,0.903678583
0,881,,470728347.4,965.1405811,1.08728397,19178.93854,15008.36788,3176.489807,0.852960819
0,882,,471915889.9,965.9515109,1.128323857,14858.40737,19760.49352,6437.074495,0.92786179
0,883,,470621412.3,965.067492,1.074402925,13895.7892,17643.48757,9325.606475,0.935729549
0,884,,519141810.7,997.1545189,1.584313914,15818.10063,19991.43188,11265.33887,0.87544946
0,885,,464559880.1,960.9062678,1.054130412,21637.91653,18276.27447,12145.09897,0.948690005
0,886,,469563317.5,964.3436979,1.030645011,13927.32974,18293.54717,11953.28029,0.953366067
0,887,,471527546.6,965.6864752,1.011260582,15342.07028,16122.20098,12835.84527,0.948483482
0,888,,468403915.8,963.5493548,1.062813123,15890.60679,21620.89596,8773.834861,0.932727583
0,889,,474544242.3,967.7414924,1.178300198,15966.99581,19594.9931,6188.784809,0.922412823
0,890,,487449621.4,976.4358248,1.318847159,17119.21971,21189.33079,11994.04476,0.932102101
0,891,,473080919.7,966.7457468,1.043852411,15130.65278,19552.67328,10842.44561,0.942063295
0,892,,477425862.1,969.6963767,1.038362359,15912.53542,15617.17528,7727.539477,0.928994469
0,893,,475562939.9,968.4334766,1.038160845,19598.17794,16620.53428,3876.434371,0.916261655
0,894,,471476893.1,965.6518946,1.069662224,20205.28159,19526.34294,6451.154814,0.92959643
0,895,,465674256.4,961.6739881,1.160175265,15561.14904,20277.53455,3554.693614,0.893525236
0,896,,469039898.3,963.9852488,1.106324648,15183.3244,15395.10761,3824.787021,0.891729536
0,897,,470587643.3,965.044409,1.041439999,18969.32302,14526.58952,14235.78123,0.956229645
0,898,,472602525.8,966.4197692,1.063088765,19237.10163,19511.92294,13521.68095,0.955337565
0,899,,865724125.3,1182.479533,3.634220078,18380.98381,15584.54472,2693.250775,0.357168932
0,900,,472731973.6,966.5079966,1.04922883,18020.24343,20964.46,9963.028229,0.946194511
0,901,,474043335.7,967.4008717,1.057232062,18599.16883,20661.96441,4297.108582,0.920144822
0,902,,469923520,964.5902179,1.063325263,20641.23368,19912.41855,14921.69276,0.97210268
0,903,,470559502.5,965.0251723,1.044712476,13190.53449,18283.55302,9505.057772,0.939014035
0,904,,474431679,967.6649693,1.067772616,15674.88047,18594.06132,14467.74878,0.962304852
0,905,,507086284.2,989.3753378,1.503036875,18918.79613,20708.27215,6795.854478,0.897485859
0,906,,503501144,987.0381672,1.419220225,14178.4277,18029.13834,4062.606585,0.89722331
0,907,,475264647.2,968.2309538,1.019201462,20787.29569,16996.99491,11757.5043,0.947589885
0,908,,477752295.5,969.917332,1.052629649,16409.44834,19351.0703,11126.48872,0.941205675
0,909,,475816207.3,968.6053634,1.190025275,18530.19227,21746.80204,9623.435871,0.940183947
0,910,,474544242.3,967.7414924,1.088611424,14134.65621,14811.23204,13420.67232,0.952936431
0,911,,477015006.1,969.4181347,1.040335211,14106.4971,18637.32543,9691.781943,0.938942406
0,912,,474836906.8,967.9403958,1.072069803,15889.72127,13689.31361,7941.148553,0.934907386
0,913,,477628475.9,969.8335332,1.086968251,17280.64774,21173.15304,10818.9175,0.953571882
0,914,,474578011.3,967.7644469,1.060795722,15576.73039,19535.4485,14385.12035,0.961393002
0,915,,474324743.9,967.5922612,1.091214354,14384.7005,14650.42251,8872.373843,0.930490687
0,916,,476086359.1,968.7886422,1.075470486,13201.61794,18370.37137,11316.14646,0.956686511
0,917,,475979424,968.7161027,1.068238915,17656.224,15637.00446,14914.26169,0.96612968
0,918,,478619032.7,970.5035183,1.074878729,20543.0089,18610.10527,5218.099657,0.934377347
0,919,,475726156.6,968.5442551,1.073503628,17111.85813,14493.03672,3659.853634,0.909477772
0,920,,480251200.2,971.6054574,1.051383616,19931.50965,16958.3261,11195.28381,0.945458864
0,921,,477904256,970.0201561,1.062552801,19287.42782,14867.99861,13150.04818,0.951252798
0,922,,487443993.3,976.4320668,1.226523711,18130.72286,14486.71556,5201.12906,0.912382694
0,923,,514476063,994.1582411,1.433544144,19032.89229,16850.3749,3114.146774,0.878634879
0,924,,481337435.8,972.3374338,1.075999846,16144.29696,20794.10293,9779.116087,0.939162611
0,925,,479947279.3,971.4004581,1.070036353,13186.78516,17323.01582,7871.08669,0.940030601
0,926,,480352507.1,971.6737713,1.036261757,20681.81887,18218.56267,9810.43584,0.935521186
0,927,,475675503.2,968.5098783,1.023966627,21054.55429,15992.22601,15128.92557,0.974252366
0,928,,480881554.5,972.0303655,1.045464241,15483.21399,17820.28904,13810.94365,0.956048162
0,929,,487826708.4,976.6875475,1.045027064,19592.02278,17569.72255,4627.498961,0.916079588
0,930,,481483768,972.4359579,1.06737141,18129.68385,13484.5744,8824.203445,0.942269018
0,931,,483290408.5,973.6507094,1.034887213,16844.08129,15676.7173,13531.19044,0.951007571
0,932,,481573818.6,972.4965781,1.048226636,18612.21407,20233.57583,13863.45292,0.959394313
0,933,,484759359.2,974.636175,1.068498083,14957.13425,16586.57405,5333.840898,0.923253584
0,934,,480020445.5,971.4498177,1.070404554,14231.19604,18283.91567,5022.288736,0.919463952
0,935,,497394586.5,983.031597,1.283483524,19282.48946,21437.15951,12629.24441,0.915110051
0,936,,484162773.9,974.236188,1.07805299,20508.94611,18765.00704,11344.45588,0.947984839
0,937,,491136068.6,978.8911506,1.119955095,17134.25816,15401.02169,6597.426815,0.912970713
0,938,,490877173.1,978.7191174,1.198720965,18401.1432,19979.7818,4992.148579,0.915069233
0,939,,488822893.3,977.3519227,1.076629298,19810.24581,16642.19506,9688.527822,0.931442926
0,940,,500585755.3,985.1294182,1.334915403,18823.04544,21044.40214,14392.5939,0.945513829
0,941,,478787877.6,970.6176281,1.100331397,19848.4561,21140.69303,8767.737514,0.935021589
0,942,,486374642.2,975.7175142,1.060335903,16103.69169,20782.02244,10722.62593,0.94800649
0,943,,487021881,976.1501315,1.060800186,19464.73918,16371.67133,4782.297093,0.922461241
0,944,,486526602.6,975.8191197,1.079861685,19034.86872,18594.04405,12319.98893,0.946993402
0,945,,483785686.9,973.9831965,1.015518811,20871.31134,18580.48676,14539.20447,0.970824636
0,946,,496674181.6,982.5567741,1.065624481,16661.69366,17604.70991,3520.546025,0.90016845
0,947,,491164209.4,978.9098462,1.102074077,18235.36122,20898.40252,10907.02385,0.937572025
0,948,,489565810.9,977.8468016,1.054707181,20407.2811,17328.58581,10075.5643,0.942727581
0,949,,526160130.7,1001.627958,1.534537222,18160.11237,18988.32971,12175.1683,0.900279527
0,950,,486065093.2,975.5104745,1.075278129,13232.24418,18647.74764,12513.29991,0.953690336
0,951,,498756602.1,983.9280577,1.143539842,18662.09974,16392.41014,4003.237948,0.91293784
0,952,,492931452.8,980.082503,1.097151055,15419.86612,19311.86613,8883.125122,0.932958062
0,953,,491715769.4,979.2761362,1.082982844,14132.69081,16773.10523,10801.68924,0.938388185
0,954,,488609023.1,977.2093646,1.073638833,15627.44767,14652.06175,14204.50276,0.954051487
0,955,,492993362.6,980.1235325,1.060376751,15568.25625,18984.68435,3543.124496,0.907294023
0,956,,492351751.9,979.6981511,1.122564563,20047.92787,15853.46927,3489.978967,0.885041425
0,957,,488625907.6,977.2206207,1.048381186,13242.76099,16690.00315,10420.53202,0.948285031
0,958,,493128438.5,980.2130395,1.039329794,17779.76912,20312.26395,13350.84688,0.95562374
0,959,,498739717.6,983.9169545,1.031961893,19824.48895,17770.29282,8314.327448,0.936080972
0,960,,494400403.5,981.0550961,1.134656922,14987.40649,21149.66261,8739.674809,0.938248267
0,961,,495666740.3,981.8919933,1.116088226,17880.94413,21755.78255,7237.923058,0.949032823
0,962,,493179092,980.2466004,1.08461979,20206.76927,20876.62517,13610.28421,0.948311642
0,963,,495582317.8,981.8362446,1.106321323,13966.61557,20120.87075,8097.56132,0.935740332
0,964,,493606832.4,980.5299119,1.073654707,16357.0695,21744.9668,9582.629183,0.943882947
0,965,,505268387.4,988.1916235,1.14074575,19245.03027,18787.03885,7797.273164,0.930333333
0,966,,506028189.5,988.6867096,1.26428637,16762.33837,13466.71644,11272.05922,0.94129226
0,967,,503371696.3,986.9535723,1.022192834,19597.09619,14368.33202,10752.1903,0.931360941
0,968,,496657297.1,982.5456399,1.092744894,20593.01397,14816.65526,12143.92487,0.937338128
0,969,,508926693.7,990.5708328,1.115795614,17872.72802,19635.68381,4210.600546,0.911815782
0,970,,508859155.8,990.5270124,1.296587911,20401.62782,14670.99018,7268.734129,0.926436097
0,971,,500748972,985.2364742,1.020543881,15696.26764,13719.54189,13918.27795,0.953268661
0,972,,507232616.5,989.4704982,1.169770927,20647.74761,16351.31219,13484.79827,0.952194061
0,973,,510378759.9,991.5120349,1.070496572,18503.37807,16280.31283,6797.437617,0.914344501
0,974,,508217545.1,990.1105252,1.136302656,17011.38545,14679.05126,11224.52197,0.942945421
0,975,,673043944.4,1087.297192,4.969447205,13983.97287,19341.86915,8773.836626,0.787342189
0,976,,505228990.2,988.1659389,1.057300032,18258.22913,19308.94759,13883.19025,0.953930038
0,977,,503951397.1,987.3322973,1.056979663,13731.38916,19244.84969,11936.35697,0.955035219
0,978,,499741530.7,984.5753084,1.053083757,20292.33799,14505.42414,12972.08745,0.939455615
0,979,,506804876.1,989.1922856,1.084675836,18419.30977,13843.9768,11694.4282,0.943517885
0,980,,521021617.3,998.3566309,1.271906129,19270.11686,17210.34538,13758.96168,0.947507439
0,981,,509686495.8,991.0635453,1.074100217,14718.36819,18818.81239,11751.49828,0.947936899
0,982,,510080467.3,991.318833,1.213077903,13336.52464,18740.16741,10282.0587,0.938616333
0,983,,513513647.1,993.5379395,1.092995199,14920.15398,18058.22583,3537.959888,0.897110514
0,984,,921381035.2,1207.295408,3.533005799,15874.3266,14916.84675,2774.20043,0.321250828
0,985,,507907996.1,989.9094631,1.056178911,19341.48561,21390.79336,7963.977532,0.93602399
0,986,,518128741.2,996.5054704,1.113360819,18787.07671,19582.06308,3282.247712,0.909917689
0,987,,508870412.1,990.5343161,1.058799042,19355.60172,21419.98259,11125.11652,0.950384897
0,988,,510558861.2,991.6286487,1.048894605,14796.05891,14323.9064,8060.273866,0.926737164
0,989,,516260190.9,995.3061138,1.088321469,19358.47333,15395.16385,4014.982484,0.903107354
0,990,,515235865.1,994.6474067,1.055621443,14635.65596,20845.37313,9614.87152,0.945639681
0,991,,521471870.4,998.6441326,1.056522502,16418.51587,17051.42973,12485.54717,0.950319245
0,992,,519428847,997.3382625,1.035775157,17603.59081,14253.31455,12731.67485,0.952627103
0,993,,523711879.5,1000.071999,1.211249359,20215.13448,18809.76046,13804.67952,0.955131728
0,994,,517684116.3,996.2203431,1.064297336,13948.28246,15176.65322,9566.907769,0.934430521
0,995,,528822252.1,1003.314371,1.037364801,15960.21865,16715.40201,6531.738468,0.909994709
0,996,,537050627.3,1008.491407,1.337988943,17462.01513,19609.91388,11501.74225,0.936846304
0,997,,523666854.2,1000.043338,1.060295577,14598.21369,14485.13315,9803.761914,0.944488492
0,998,,547682228.3,1015.102761,1.33082713,15088.57945,15076.71964,14988.09705,0.900646065
0,999,,529261248.8,1003.591925,1.182550354,19515.94214,20295.32955,6241.246611,0.9084855
0,1000,,525158317.6,1000.991851,1.0557944,13141.26306,17572.417,10771.44653,0.951728665
0,1001,,531315528.5,1004.888699,1.110845121,16713.73328,20219.77041,6413.095907,0.92497072
0,1002,,530285574.6,1004.238954,1.056515432,14536.50733,17980.21257,6729.166085,0.915355914
0,1003,,525563545.3,1001.24925,1.07630893,21618.00702,18411.75593,13946.1979,0.961787393
0,1004,,526880535.6,1002.084884,1.067648552,17257.69354,13390.60891,13119.0827,0.954632565
0,1005,,530493816.7,1004.370391,1.116304648,18075.64109,14851.65126,14495.98339,0.95553728
0,1006,,535395947.2,1007.454603,1.157385803,14983.81066,18575.27029,12706.35614,0.947160899
0,1007,,536290825.2,1008.015588,1.034230423,18115.72522,19239.0216,10646.54741,0.945457338
0,1008,,538986715.5,1009.701837,1.077200769,20565.1876,18518.98118,12286.06593,0.902763381
0,1009,,559889715.2,1022.589406,1.416619214,14805.56071,19876.67171,13971.13748,0.924609489
0,1010,,536313337.8,1008.029693,1.040625817,14177.9617,17033.63674,6727.469684,0.926795842
0,1011,,544310958.3,1013.015643,1.05356685,14727.91915,15651.68022,6843.611061,0.9238245
0,1012,,547063130.3,1014.720127,1.15994616,15743.05413,18337.83759,10032.89821,0.928247603
0,1013,,550237414.6,1016.67895,1.049732866,19668.4931,18747.60396,5631.145516,0.920588496
0,1014,,557632821.5,1021.21355,1.256979775,16482.09821,16198.02698,11905.4333,0.939280426
0,1015,,554587985,1019.351449,1.064569934,20363.93351,16022.25841,7545.900196,0.928918872
0,1016,,551880838.3,1017.690134,1.065721614,14177.34208,18438.8768,10992.72634,0.941240769
0,1017,,548836001.8,1015.815082,1.071346921,14859.69438,14212.8856,13727.6927,0.949272113
0,1018,,685538467.6,1093.984249,3.708660072,18753.16518,20722.48719,9400.703855,0.821732456
0,1019,,558015536.7,1021.447123,1.180613158,16637.94531,17646.47896,14447.38529,0.959105929
0,1020,,593433570.2,1042.616266,1.416080346,15433.74038,18335.33494,4316.409918,0.865191965
0,1021,,565562904.1,1026.031666,1.202776848,18780.50662,14802.01117,4589.305327,0.918470881
0,1022,,556040051.2,1020.240323,1.042816067,19427.00205,21375.76811,9601.919653,0.937623928
0,1023,,556068192.1,1020.257534,1.087941648,20255.94713,20785.21741,14599.0762,0.967529264
0,1024,,574325954.8,1031.303774,1.208692266,18903.11606,17251.4509,6805.262259,0.912258654
0,1025,,569722117,1028.540709,1.165202343,16065.21481,15471.41644,8701.088978,0.924157576
0,1026,,571669461.6,1029.711248,1.198330817,18047.131,15297.5861,11318.826,0.935104812
0,1027,,564043299.9,1025.111898,1.082257255,20848.65248,20124.553,9422.211043,0.939995022
0,1028,,574314698.5,1031.297036,1.166479003,13376.48225,16495.34078,8423.960977,0.930583547
0,1029,,607233827.4,1050.636404,1.767711928,16231.69509,16294.26597,13172.62907,0.918548289
0,1030,,579132406.5,1034.17273,1.113196103,16391.62581,19596.98931,8686.468727,0.925616707
0,1031,,578181246.9,1033.606249,1.144394094,18435.19748,18354.09045,14247.96754,0.954776214
0,1032,,653750599.5,1076.806891,2.271646632,13444.0997,16364.06591,12330.68421,0.845330956
0,1033,,613227821.6,1054.082029,1.636784558,15639.53391,17368.43927,4933.03167,0.874784975
0,1034,,579441955.5,1034.356954,1.267024916,21337.59224,19241.12826,12059.90414,0.947151781
0,1035,,580213013.9,1034.815554,1.06767436,18707.60479,15403.68783,15041.3898,0.973277494
0,1036,,599213694.2,1045.990409,1.265670789,19048.76217,15545.90316,7215.581883,0.909883355
0,1037,,593585530.6,1042.705252,1.073121989,13808.31882,18554.51056,7184.058076,0.932063705
0,1038,,628063660.9,1062.514865,1.64193107,18027.91099,15316.39055,7062.849917,0.894478431
0,1039,,587878572.7,1039.35283,1.114831011,17967.35319,21811.47263,11277.44187,0.948937896
0,1040,,599647062.8,1046.242512,1.222082135,13948.39226,17472.27207,11441.14705,0.945724422
0,1041,,607093123.3,1050.555249,1.2181407,20150.17821,15697.83055,8480.827004,0.922017383
0,1042,,618563320.7,1057.130283,1.402443039,14069.09893,20316.43599,13382.93428,0.92134877
0,1043,,600896515.2,1046.968674,1.181371297,18425.84665,21744.00891,12885.37313,0.95029126
0,1044,,605157035,1049.43728,1.087753673,20663.21773,18158.28992,7842.491519,0.926167529
0,1045,,604205875.4,1048.887172,1.172989561,15650.88299,20999.34459,8025.612487,0.917773588
0,1046,,600806464.5,1046.916372,1.153961151,18337.91642,21718.83881,13898.90869,0.958525499
0,1047,,624326560.2,1060.403281,1.374976581,15111.59102,19173.39296,9758.460618,0.919175732
0,1048,,605826786.5,1049.824289,1.065028048,18844.41981,13662.04635,13751.77707,0.950692657
0,1049,,629465073.6,1063.304549,1.448654207,17954.09355,20875.29414,12400.20727,0.930082778
0,1050,,618400104,1057.037295,1.316956341,16035.18948,16297.45673,14639.2974,0.955596356
0,1051,,1135037382,1294.207307,2.885572879,17678.54586,14524.00353,2542.348157,0.192348698
0,1052,,617167536.1,1056.334548,1.318818236,19722.06919,19848.71056,3353.027795,0.888372499
0,1053,,627123757.5,1061.984579,1.214045818,16425.53542,18616.633,3947.596618,0.895609721
0,1054,,711957067.5,1107.860456,2.811104832,17349.58459,19221.05762,3063.100248,0.839335426
0,1055,,656801064.2,1078.479121,1.610383849,19681.43408,19572.71296,8330.500064,0.879403624
0,1056,,911182802.7,1202.824588,2.451188002,20120.41215,19317.93854,2336.495656,0.226674913
0,1057,,641182910.2,1069.862024,1.308226389,13964.45288,19526.20411,7265.28673,0.924303442
0,1058,,641503715.5,1070.040424,1.520747699,17813.01591,14035.72405,15125.78529,0.951428286
0,1059,,635048211.9,1066.439015,1.315758326,18654.50115,13622.54324,10763.22919,0.935898786
0,1060,,648032385.3,1073.65816,1.473352119,20018.51828,19724.03496,5531.24835,0.901946467
0,1061,,647503337.9,1073.365906,1.314064949,15458.13177,20485.38271,12253.44995,0.93916477
0,1062,,833592939.3,1167.665553,3.246109684,17162.73641,20583.72736,5301.401879,0.774163447
0,1063,,642280402.1,1070.472092,1.210593731,19292.59841,21354.20207,13632.74097,0.956582897
0,1064,,639595768.1,1068.978539,1.106019791,13591.65372,19442.98764,13066.25168,0.946659603
0,1065,,663903806.7,1082.352801,1.45618051,17932.2295,18289.20195,13256.7643,0.937906143
0,1066,,851203463.2,1175.831038,3.493016733,17089.34717,20069.674,3282.858455,0.742453762
0,1067,,659513839.1,1079.96189,1.256923914,17565.3618,21320.25449,13348.38341,0.931927968
0,1068,,671856401.9,1086.657327,1.548184052,16968.71319,13358.07127,14092.81198,0.942382393
0,1069,,691031555.2,1096.898441,1.360601809,15870.76727,15576.0517,13829.28904,0.939803579
0,1070,,725858631.6,1115.024665,1.632708033,13157.62514,17480.5183,12012.27627,0.932171888
0,1071,,927735231.9,1210.064377,3.334967274,14517.94519,18961.51758,4117.580996,0.757790465
0,1072,,1190429768,1314.927229,6.067262003,14734.24446,15973.46601,3181.861612,0.286596783
0,1073,,760584401,1132.529693,1.622997645,14605.93694,15722.2331,13380.25091,0.933124421
0,1074,,943133887.5,1216.722602,3.252246049,17680.103,20869.65062,3357.111342,0.756153916
0,1075,,810236060.3,1156.656267,1.938766525,15299.5203,20603.92823,7228.394113,0.872931611
0,1076,,800403658.5,1151.958449,1.642652203,18735.79491,18795.66985,11366.83447,0.914268057
0,1077,,1089950163,1276.838608,3.354222916,15448.45189,15104.27992,5820.763903,0.767367128
0,1078,,1549028212,1435.556319,5.76118474,20596.51636,17559.41082,4152.841199,0.676554616